ts1,ts2,ts3,ts4,ts5,ts6,ts7,ts8,ssh_slope,ssh_dir,bath_slope,bath_dir,roughness,angle,magnitude
-8.429544061472590499e+00,-2.753713798470084573e+00,-2.788563684876263604e+00,-1.469766337799493838e+00,-7.509922508164716959e-01,-6.626557580312243401e-01,-4.751574492535143301e-02,-2.372532320429547592e-03,0.000000000000000000e+00,0.000000000000000000e+00,0.000000000000000000e+00,0.000000000000000000e+00,0.000000000000000000e+00,1.283510654914054472e+00,3.100050896356379759e+00
-1.622498106552484387e+01,-2.328750346589685716e+00,-2.156175919918708495e+00,-4.411510082364557661e+00,4.223850810145320378e-01,-6.847643029894154298e-02,-9.061692326452608359e-01,-7.235560301676799422e-02,0.000000000000000000e+00,0.000000000000000000e+00,0.000000000000000000e+00,0.000000000000000000e+00,0.000000000000000000e+00,-7.330768818852383406e-01,2.441870012920427602e+00
-4.645711451240527090e+00,-3.005417846884816058e+00,-1.453715490579392533e+00,-6.681772442894254871e-01,-7.879484288291975780e-01,-4.721648221324326600e-01,4.862514693834695673e-02,5.005841615826944757e-02,0.000000000000000000e+00,0.000000000000000000e+00,0.000000000000000000e+00,0.000000000000000000e+00,0.000000000000000000e+00,-4.573575186347614285e-01,3.576258985308530924e+00
-7.028407607098952070e+00,-3.373395838400707891e+00,-2.194893165013559688e+00,-1.104086079021366684e+00,-8.246061265969636400e-01,-2.629843759244256396e-01,2.917293730486323899e-01,-2.801322368749893377e-01,0.000000000000000000e+00,0.000000000000000000e+00,0.000000000000000000e+00,0.000000000000000000e+00,0.000000000000000000e+00,2.626344457293843804e-01,2.824452274335676361e+00
-3.312371260338885293e+00,-3.200433565900361099e+00,-1.266697766873177367e+00,-7.648135516776695120e-01,-6.718335356025225691e-01,-2.524869319514714272e-01,1.135799603246176598e-01,4.344912934887014411e-02,0.000000000000000000e+00,0.000000000000000000e+00,0.000000000000000000e+00,0.000000000000000000e+00,0.000000000000000000e+00,5.229479521295781197e-01,2.551276490308335365e+00
-6.705677153287343373e+00,-3.362632244011575455e+00,-2.880280449518578312e+00,-9.328925808063687208e-01,-7.542047298266278954e-01,-1.011044725751394646e-01,2.291830143418653876e-01,-1.171523102202812194e-01,0.000000000000000000e+00,0.000000000000000000e+00,0.000000000000000000e+00,0.000000000000000000e+00,0.000000000000000000e+00,-8.072032973720918436e-01,3.298235117452968712e+00
-8.890329306393814690e+00,-2.915017043314644063e+00,-2.808460917829727954e+00,-1.480257734984586016e+00,-6.574343179099317869e-01,-5.044755493085693182e-02,7.289659468033411749e-02,-3.539534289344525297e-01,0.000000000000000000e+00,0.000000000000000000e+00,0.000000000000000000e+00,0.000000000000000000e+00,0.000000000000000000e+00,4.058172422365142196e-01,3.830840557893268716e+00
-1.311205377260713867e+01,-2.645820544855969292e+00,-2.491361331085404807e+00,-3.475120730636669375e+00,-3.610659946420784472e-01,-7.930735014065868338e-01,-1.178816893213065486e-01,-5.821770502701583139e-01,0.000000000000000000e+00,0.000000000000000000e+00,0.000000000000000000e+00,0.000000000000000000e+00,0.000000000000000000e+00,-8.438048264606773374e-01,1.236788102303704173e+00
-6.311149477383489526e+00,-3.396291434003952503e+00,-1.429080715701410709e+00,-1.983538241085758935e+00,-4.266056841519433318e-01,-1.104026619690648303e+00,1.000219026582258586e-01,-6.757022593316306391e-01,0.000000000000000000e+00,0.000000000000000000e+00,0.000000000000000000e+00,0.000000000000000000e+00,0.000000000000000000e+00,5.204568911020810429e-01,2.715792460774574035e+00
-7.156809124987558057e+00,-3.182375019273878003e+00,-2.462285119556359092e+00,-1.650599831887974656e+00,-6.764139998671043763e-01,-4.571409384596723524e-01,1.598112802212549033e-01,-3.300393667415013055e-01,0.000000000000000000e+00,0.000000000000000000e+00,0.000000000000000000e+00,0.000000000000000000e+00,0.000000000000000000e+00,2.486610405295325954e+00,1.093992102348087192e+00
-7.225832400564136115e+00,-3.528922729769133237e+00,-1.742247844195126794e+00,-1.900002960615813752e+00,-4.251478696688313352e-01,-2.798392844283314473e-01,4.792833795778030093e-03,-4.033204291367545880e-01,0.000000000000000000e+00,0.000000000000000000e+00,0.000000000000000000e+00,0.000000000000000000e+00,0.000000000000000000e+00,-2.782577128497255359e+00,9.082042171230028105e-01
-7.245375303487107566e+00,-3.095386929434682521e+00,-2.066758140323393000e+00,-1.851923711925858473e+00,-4.551791093056026805e-01,-1.708565666278202277e-01,-1.365139561358329479e-01,2.492010516905590611e-02,0.000000000000000000e+00,0.000000000000000000e+00,0.000000000000000000e+00,0.000000000000000000e+00,0.000000000000000000e+00,-1.857030244207737990e+00,6.803820250418161075e-01
-6.493475205548707052e+00,-3.015473903533586242e+00,-1.812661529481791600e+00,-1.881597835966204890e+00,-5.748552044780042003e-01,-6.719542522954982111e-01,-6.488167632074662294e-02,-1.292248290291070356e-01,0.000000000000000000e+00,0.000000000000000000e+00,0.000000000000000000e+00,0.000000000000000000e+00,0.000000000000000000e+00,-3.377190516300744294e-01,1.233793438951591215e+00
-8.211003987917136371e+00,-3.136490095829152835e+00,-2.193985839837184759e+00,-2.186977946003329620e+00,-5.606567307905788722e-01,-4.106156743893606964e-01,-8.792821153996403793e-02,-2.530222992134713578e-01,0.000000000000000000e+00,0.000000000000000000e+00,0.000000000000000000e+00,0.000000000000000000e+00,0.000000000000000000e+00,-4.297300361351354819e-02,2.672267030070163418e+00
-4.342359854865254221e+00,-3.190663290391734019e+00,-1.128949239005513139e+00,-1.785222817028364828e+00,-5.635926865173852551e-01,-4.328853702091688960e-01,-1.129621375927889471e-01,-1.571368761885376664e-01,0.000000000000000000e+00,0.000000000000000000e+00,0.000000000000000000e+00,0.000000000000000000e+00,0.000000000000000000e+00,-4.163506765726752157e-01,8.399567429338254954e-01
-8.233944970243738837e+00,-3.388169346164125351e+00,-3.009918360648868862e+00,-2.902103104003394218e+00,-5.046430637553735998e-01,-5.948827946543422396e-01,-2.333281764693913019e-01,-2.683209614416516842e-01,0.000000000000000000e+00,0.000000000000000000e+00,0.000000000000000000e+00,0.000000000000000000e+00,0.000000000000000000e+00,-2.037110712540098900e-01,1.276290425412644591e+00
-8.392159392842998500e+00,-3.300792439077583129e+00,-2.213013555565356505e+00,-3.218869820258531078e+00,-4.696019693645701598e-01,-7.188016972455768538e-01,-1.596746924777906196e-01,-3.218803886638284539e-01,0.000000000000000000e+00,0.000000000000000000e+00,0.000000000000000000e+00,0.000000000000000000e+00,0.000000000000000000e+00,2.049964464828542887e+00,6.973347044282254270e-01
-9.721610413746919477e+00,-3.187886214837708732e+00,-1.863529205854854487e+00,-4.183309662734589374e+00,-1.797671242473003750e-01,-5.923494712334870238e-01,-4.138465259690465303e-01,-2.390254789274711411e-01,0.000000000000000000e+00,0.000000000000000000e+00,0.000000000000000000e+00,0.000000000000000000e+00,0.000000000000000000e+00,1.029258854247326882e+00,1.288572574595621800e+00
-1.248282233258544593e+01,-2.406937687118978708e+00,-9.058821760158041192e-01,-5.294959957613161627e+00,1.982716134258876717e-01,2.722456000593665992e-01,-2.374990441852950496e-01,-2.197590373880967674e-01,0.000000000000000000e+00,0.000000000000000000e+00,0.000000000000000000e+00,0.000000000000000000e+00,0.000000000000000000e+00,1.978298823822152608e+00,8.248435609253416123e-01
-1.255374173463793852e+01,-2.480753335792506675e+00,-1.165099956985486296e+00,-5.531836643438780676e+00,2.224650088258574299e-01,1.705059081114536079e-01,-3.957341083730249176e-01,-2.743489260237464977e-01,0.000000000000000000e+00,0.000000000000000000e+00,0.000000000000000000e+00,0.000000000000000000e+00,0.000000000000000000e+00,2.268085158584298711e+00,8.533941879342725745e-01
-1.031632521741940955e+01,-2.655660692649667087e+00,-2.718815917517571346e-01,-4.743952609799397813e+00,1.624711212590509435e-01,2.436362800093886394e-01,-3.019361607998921060e-01,1.840146108803250302e-01,0.000000000000000000e+00,0.000000000000000000e+00,0.000000000000000000e+00,0.000000000000000000e+00,0.000000000000000000e+00,2.425156334143075743e+00,5.541332150304576487e-01
-1.109751213032111039e+01,-2.558072814778389770e+00,-1.128798592727737748e+00,-5.096909274148673674e+00,9.032483545782377110e-02,-3.804706798516861999e-01,-4.153436229657269663e-01,-3.633086458399285845e-02,0.000000000000000000e+00,0.000000000000000000e+00,0.000000000000000000e+00,0.000000000000000000e+00,0.000000000000000000e+00,3.077000321272739480e+00,3.501301472310006102e-01
-1.094475586761561914e+01,-2.719524651644950719e+00,-1.478252072620014790e+00,-4.664255072334727359e+00,-4.939163066652495215e-02,-2.475831023923580898e-01,-2.115679539806622489e-01,-1.968298901630651521e-01,0.000000000000000000e+00,0.000000000000000000e+00,0.000000000000000000e+00,0.000000000000000000e+00,0.000000000000000000e+00,3.060945182117944086e+00,9.657388881058841523e-01
-9.791019173744862414e+00,-2.731264277769753779e+00,-1.672480165948614816e+00,-3.324193993260954549e+00,-3.028443212518876493e-01,-3.237009613478634140e-01,3.018685505823540671e-01,-2.506920231161932078e-01,0.000000000000000000e+00,0.000000000000000000e+00,0.000000000000000000e+00,0.000000000000000000e+00,0.000000000000000000e+00,1.819116211546237261e-01,5.041181210787832878e-01
-1.006714685419866839e+01,-2.848255873712568498e+00,-2.180192195945174216e+00,-3.853956107034017364e+00,-2.393716469768333022e-01,-5.334195651925767168e-01,-2.681873908494315506e-01,4.795627714076608483e-02,0.000000000000000000e+00,0.000000000000000000e+00,0.000000000000000000e+00,0.000000000000000000e+00,0.000000000000000000e+00,-2.945008221453320196e-01,1.415961157659419989e-01
-1.046520962561022472e+01,-2.764921969180393901e+00,-1.973424017900407890e+00,-4.194087205994883938e+00,-1.333085531841552429e-01,-4.851739252878744524e-01,-2.669769870515466548e-01,-6.028966270371707847e-03,0.000000000000000000e+00,0.000000000000000000e+00,0.000000000000000000e+00,0.000000000000000000e+00,0.000000000000000000e+00,-3.424755445338196203e-01,3.189209463174194070e-01
-1.266707439478790675e+01,-2.198461656089033767e+00,-5.205474451150171600e-01,-4.451654284077716461e+00,-4.964587974281903238e-01,1.235694361658056378e-01,-3.282083791125265937e-01,-3.106619875619880955e-01,0.000000000000000000e+00,0.000000000000000000e+00,0.000000000000000000e+00,0.000000000000000000e+00,0.000000000000000000e+00,-2.143784841574844224e-01,7.887555578251007615e-01
-1.139740320340061430e+01,-2.619445863060025914e+00,-1.973658812492630643e+00,-4.298360886396193514e+00,-8.017683518135519660e-02,-1.707429510143980145e-01,-1.582645387417170868e-01,-6.286559845172672023e-02,0.000000000000000000e+00,0.000000000000000000e+00,0.000000000000000000e+00,0.000000000000000000e+00,0.000000000000000000e+00,-2.501752935092591557e-01,6.394053018235021923e-01
-1.191303798978786155e+01,-2.669567597152779470e+00,-2.232953680492062443e+00,-4.186657805393827481e+00,-3.663571770159253227e-02,-4.066966913883747481e-02,-1.549272819315351823e-02,-1.810628948441444230e-01,0.000000000000000000e+00,0.000000000000000000e+00,0.000000000000000000e+00,0.000000000000000000e+00,0.000000000000000000e+00,-8.586904276632839617e-01,1.776779671202972366e-01
-1.250742752629470189e+01,-2.407906847903405811e+00,-1.694135812940411601e+00,-4.871349678296994945e+00,1.428669841791863626e-01,-1.546366590335481184e-01,-2.222230739478884276e-01,-9.233485885192505016e-02,0.000000000000000000e+00,0.000000000000000000e+00,0.000000000000000000e+00,0.000000000000000000e+00,0.000000000000000000e+00,2.237455216105054545e-01,1.153759507003050272e-01
-1.262774079275910211e+01,-2.320177074059851741e+00,-9.990658519542041649e-01,-5.232957356179541719e+00,2.603211625524975981e-01,1.440463254650019564e-01,-2.137058377217000704e-01,-1.066400081307810888e-01,0.000000000000000000e+00,0.000000000000000000e+00,0.000000000000000000e+00,0.000000000000000000e+00,0.000000000000000000e+00,1.612103137129908825e+00,3.099644011818125100e-01
-1.201531808532890722e+01,-2.497476190766948712e+00,-1.538151981201140606e+00,-4.696274953639846927e+00,9.098656749076351746e-02,8.946802242899985769e-02,-1.754526711582992671e-01,-3.068324947731064511e-03,0.000000000000000000e+00,0.000000000000000000e+00,0.000000000000000000e+00,0.000000000000000000e+00,0.000000000000000000e+00,-2.997031342203475113e+00,1.066928924530594402e+00
-1.196558051594908889e+01,-2.442430198696954324e+00,-1.052720454701342678e+00,-5.037881724302487818e+00,1.707452095542948134e-01,1.713805838902754952e-01,-3.913443039905459830e-01,1.015210087033087821e-01,0.000000000000000000e+00,0.000000000000000000e+00,0.000000000000000000e+00,0.000000000000000000e+00,0.000000000000000000e+00,-2.886807178348446357e+00,8.903425857500056884e-01
-1.228421174201496768e+01,-2.395787003935287540e+00,-1.213091895658224839e+00,-4.942778220977955606e+00,1.568985364383230774e-01,1.846658613111583080e-01,-1.699335915684697662e-01,-4.597861908100937811e-02,0.000000000000000000e+00,0.000000000000000000e+00,0.000000000000000000e+00,0.000000000000000000e+00,0.000000000000000000e+00,-2.861407220957979725e+00,9.687783079735048375e-01
-1.247930297726508897e+01,-2.300635742289310226e+00,-5.870087549031147711e-01,-5.346173346877026944e+00,2.913040556446624962e-01,4.407146361928881984e-01,-2.899617322390783958e-01,-3.025823752616575713e-02,0.000000000000000000e+00,0.000000000000000000e+00,0.000000000000000000e+00,0.000000000000000000e+00,0.000000000000000000e+00,-2.949146381633277247e+00,1.081770239006415668e+00
-1.374279112030235694e+01,-2.009015013414568784e+00,-3.018183423971455004e-01,-5.758075239190892702e+00,4.053530171755418965e-01,6.828086418477941066e-01,-1.188849957573521049e-01,-2.700042101539388284e-01,0.000000000000000000e+00,0.000000000000000000e+00,0.000000000000000000e+00,0.000000000000000000e+00,0.000000000000000000e+00,3.020596493665385296e+00,9.933625823434266700e-01
-1.393717895945583152e+01,-2.100565926091309876e+00,-6.909542571386075860e-01,-5.628634505216584039e+00,3.125271256411453757e-01,3.706712916026164706e-01,-8.847018844841673946e-02,-4.168454543129730405e-01,0.000000000000000000e+00,0.000000000000000000e+00,0.000000000000000000e+00,0.000000000000000000e+00,0.000000000000000000e+00,2.666306689943222175e+00,7.108941552720774437e-01
-1.197711614637543143e+01,-2.512758964858084809e+00,-1.290979877973022383e+00,-4.846010864308789579e+00,2.059209458324959274e-02,7.692986733479609263e-02,-1.798250453289769180e-01,-2.452128104014282828e-01,0.000000000000000000e+00,0.000000000000000000e+00,0.000000000000000000e+00,0.000000000000000000e+00,0.000000000000000000e+00,-8.985506451147380613e-02,5.962052415066421140e-01
-1.060157548989918475e+01,-2.841852549284765050e+00,-2.003622059148110868e+00,-3.899858392411501562e+00,-2.299289496303922320e-01,-2.451599144478664588e-02,-1.473329706704498421e-01,-1.258373915176786428e-01,0.000000000000000000e+00,0.000000000000000000e+00,0.000000000000000000e+00,0.000000000000000000e+00,0.000000000000000000e+00,-1.510015175087010553e+00,5.827761577140898597e-01
-1.009323825493905780e+01,-2.930054419125426080e+00,-1.899712326053282441e+00,-3.853411037111473370e+00,-2.597692564692266060e-01,-1.822827013454743073e-01,-1.557451946054042580e-01,-1.851602434304884803e-01,0.000000000000000000e+00,0.000000000000000000e+00,0.000000000000000000e+00,0.000000000000000000e+00,0.000000000000000000e+00,-2.892642175277109207e+00,1.209073881117277871e+00
-1.008634264066007979e+01,-2.950153273584226188e+00,-1.922435868131812109e+00,-3.714098760817955647e+00,-2.824398826578905508e-01,2.298212714442991744e-03,-1.446530414978516865e-01,-1.476157494753027044e-01,0.000000000000000000e+00,0.000000000000000000e+00,0.000000000000000000e+00,0.000000000000000000e+00,0.000000000000000000e+00,3.064142150258257313e+00,1.062384807873309578e+00
-1.016839881552044744e+01,-2.946287838442250617e+00,-2.166536797169547501e+00,-3.574995263351814057e+00,-2.780174561026555469e-01,-1.018919347167758227e-01,-9.638046192341051532e-02,-1.357454341800477249e-01,0.000000000000000000e+00,0.000000000000000000e+00,0.000000000000000000e+00,0.000000000000000000e+00,0.000000000000000000e+00,2.385415169526282853e+00,6.147382207086196093e-01
-1.047009716078958697e+01,-2.867959409170023566e+00,-1.843380377527204406e+00,-3.841827550054091045e+00,-1.669710228742333491e-01,5.436466986099848520e-02,-2.075945724723374242e-01,3.261170611253186302e-02,0.000000000000000000e+00,0.000000000000000000e+00,0.000000000000000000e+00,0.000000000000000000e+00,0.000000000000000000e+00,4.601893357069311019e-01,1.047469947062917850e+00
-1.088781838321307660e+01,-2.798637062089108341e+00,-1.565422835290751546e+00,-4.120231277332131015e+00,-7.473076008312000418e-02,1.099299344215446950e-01,-2.216569178395429163e-01,-6.842542661052544717e-02,0.000000000000000000e+00,0.000000000000000000e+00,0.000000000000000000e+00,0.000000000000000000e+00,0.000000000000000000e+00,4.857367042126706225e-01,1.243199308236620393e+00
-1.176896675907874545e+01,-2.869515155948974883e+00,-1.689798834786469417e+00,-4.017676422188021235e+00,5.568692330189747852e-02,2.958600977175925295e-01,-2.854203937313892769e-01,-1.974791809235914852e-01,0.000000000000000000e+00,0.000000000000000000e+00,0.000000000000000000e+00,0.000000000000000000e+00,0.000000000000000000e+00,2.902466846665090916e+00,1.769448959422111001e+00
-1.336107727195526529e+01,-2.069790969993277052e+00,-1.129140525658984817e+00,-5.101368660119183218e+00,3.190406319043441741e-01,1.912604732998473556e-01,-1.879282264012364645e-01,-3.789780987020132663e-01,0.000000000000000000e+00,0.000000000000000000e+00,0.000000000000000000e+00,0.000000000000000000e+00,0.000000000000000000e+00,2.762010907489012013e+00,8.234106205290306901e-01
-6.305285571259185318e+00,-2.727335203549130949e+00,-1.342244338909494905e+00,-1.572348637664375159e+00,-5.698306987586173600e-01,-4.159092452792772510e-01,-9.992283680503639964e-02,9.700142298278456865e-01,0.000000000000000000e+00,0.000000000000000000e+00,0.000000000000000000e+00,0.000000000000000000e+00,0.000000000000000000e+00,7.514306507190103845e-01,2.914961406262595589e-01
-6.797499088183728944e+00,-2.730179086976379121e+00,-1.579208303421381521e+00,-1.530669446322478811e+00,-5.860215437343719858e-01,-2.435730109673389931e-01,-7.098744515889049422e-02,9.440509355503442501e-01,0.000000000000000000e+00,0.000000000000000000e+00,0.000000000000000000e+00,0.000000000000000000e+00,0.000000000000000000e+00,3.619342155536943162e-01,3.699689176133486579e-01
-6.854802875712308285e+00,-2.746824010411342609e+00,-1.461296728882007123e+00,-1.875798066339585679e+00,-5.109426900143845263e-01,-4.003011712192102167e-01,-2.547743491042632827e-02,8.326222598102079875e-01,0.000000000000000000e+00,0.000000000000000000e+00,0.000000000000000000e+00,0.000000000000000000e+00,0.000000000000000000e+00,-1.618642574315144189e-01,7.508142246921005736e-01
-6.526386413864980973e+00,-2.806311271727176315e+00,-1.209217741495310694e+00,-2.084131405059033160e+00,-5.108773834463514740e-01,-4.088983057216799555e-01,-1.253014640531676382e-01,8.891948537302269973e-01,0.000000000000000000e+00,0.000000000000000000e+00,0.000000000000000000e+00,0.000000000000000000e+00,0.000000000000000000e+00,3.217505543966421855e-01,5.375872022286298790e-01
-6.595632803978672243e+00,-2.747848978666667996e+00,-1.189113918494252076e+00,-1.963812884447179385e+00,-5.351177714743118319e-01,-3.305006269642894456e-01,-1.661159485434572092e-01,1.002000183659479626e+00,0.000000000000000000e+00,0.000000000000000000e+00,0.000000000000000000e+00,0.000000000000000000e+00,0.000000000000000000e+00,2.037133909132649912e+00,6.650090224951783480e-01
-7.365266750277410956e+00,-2.661814902198617716e+00,-1.960351977046854710e+00,-1.344101913860817010e+00,-5.469362791597773832e-01,-4.927695767408270949e-02,-7.649384149399152122e-02,1.116599769279542187e+00,0.000000000000000000e+00,0.000000000000000000e+00,0.000000000000000000e+00,0.000000000000000000e+00,0.000000000000000000e+00,2.119383996503938938e+00,1.238775605184411654e+00
-7.530295324010093161e+00,-2.470875915339698636e+00,-2.407507509221105124e+00,-8.770526353421481680e-01,-4.091720420521126611e-01,-5.279083148991839947e-01,1.974191460651457120e-01,9.437578056416495720e-01,0.000000000000000000e+00,0.000000000000000000e+00,0.000000000000000000e+00,0.000000000000000000e+00,0.000000000000000000e+00,1.162348648740997747e+00,9.970160480152759908e-01
-6.956771988968664111e+00,-2.480630812756459580e+00,-2.141434934355983088e+00,-9.483497621990872872e-01,-4.051266747593414430e-01,-6.496268783455841911e-01,8.388378099943323563e-02,9.724857761495545594e-01,0.000000000000000000e+00,0.000000000000000000e+00,0.000000000000000000e+00,0.000000000000000000e+00,0.000000000000000000e+00,-6.129827091042160392e-01,9.438394990674980889e-01
-7.013061313031963451e+00,-2.615131942651624186e+00,-1.950033402184317533e+00,-1.332227926701475829e+00,-4.112732094177384834e-01,-4.458898406921441016e-01,4.124484622024969516e-02,9.374225558538726855e-01,0.000000000000000000e+00,0.000000000000000000e+00,0.000000000000000000e+00,0.000000000000000000e+00,0.000000000000000000e+00,-2.159629322511981808e+00,1.335995883227185432e+00
-6.966691082604297591e+00,-2.606581433630607680e+00,-2.086567936649190713e+00,-9.536444793222551564e-01,-5.176662157889460047e-01,-3.079837312760713153e-01,3.519941487246047024e-02,8.491764020525156553e-01,0.000000000000000000e+00,0.000000000000000000e+00,0.000000000000000000e+00,0.000000000000000000e+00,0.000000000000000000e+00,3.094271179734919386e+00,1.818035203179522830e+00
-5.254893460372481506e+00,-2.544589105045978794e+00,-1.903814998173907647e+00,-2.160107520580256957e-01,-4.673419996101445539e-01,-4.245985306377099699e-01,2.311386928382773709e-01,6.206317924011760523e-01,0.000000000000000000e+00,0.000000000000000000e+00,0.000000000000000000e+00,0.000000000000000000e+00,0.000000000000000000e+00,1.251695162725665389e+00,1.074229491309930395e+00
-3.249503908525097629e+00,-2.303554264989105427e+00,-2.115889443390431612e+00,1.256872734134796277e+00,-9.257386645355672461e-02,2.874634724651939366e-01,2.870665433658263765e-01,3.133446521112411842e-01,0.000000000000000000e+00,0.000000000000000000e+00,0.000000000000000000e+00,0.000000000000000000e+00,0.000000000000000000e+00,-1.975343562731827873e+00,1.143285178772114774e+00
-4.724931413509777300e+00,-2.454642417186360781e+00,-2.126060463947075707e+00,4.518103253346154036e-01,-3.326970298402068260e-01,-1.048970428211630085e-01,4.360665433801012014e-01,3.363071167123936611e-01,0.000000000000000000e+00,0.000000000000000000e+00,0.000000000000000000e+00,0.000000000000000000e+00,0.000000000000000000e+00,2.049631602086909865e+00,1.089537975474011322e+00
-5.122813458754474247e+00,-2.371520135957666309e+00,-2.651628576500488776e+00,8.233823390093145678e-01,-2.932113216363378405e-01,-1.484106318587315176e-01,4.604697743048813963e-01,3.408417915752105509e-01,0.000000000000000000e+00,0.000000000000000000e+00,0.000000000000000000e+00,0.000000000000000000e+00,0.000000000000000000e+00,-6.957727585863020536e-01,1.113921451449789046e+00
-5.661584115846205023e+00,-2.495051021474921971e+00,-1.630744548962983709e+00,-6.364031358417318041e-01,-4.628476161745245787e-01,-4.270087965322860724e-01,1.793212765814327647e-01,8.241945699198138797e-01,0.000000000000000000e+00,0.000000000000000000e+00,0.000000000000000000e+00,0.000000000000000000e+00,0.000000000000000000e+00,-2.397234236047366629e+00,1.171955630559447403e+00
-6.841697918638838694e+00,-2.499767933396553232e+00,-2.047997782534950684e+00,-7.642707284744956198e-01,-5.025838927570086545e-01,-4.776766239907323519e-01,2.213415140741920861e-01,6.878084531050159267e-01,0.000000000000000000e+00,0.000000000000000000e+00,0.000000000000000000e+00,0.000000000000000000e+00,0.000000000000000000e+00,2.343126755254379745e+00,1.352810777603433712e+00
-3.961535002774778214e+00,-2.333619695416892181e+00,-1.473534177487867192e+00,-4.882456496256597916e-02,-3.367984770718835397e-01,-8.170258737647710934e-01,4.604841933693345490e-01,2.243829204389924947e-01,0.000000000000000000e+00,0.000000000000000000e+00,0.000000000000000000e+00,0.000000000000000000e+00,0.000000000000000000e+00,-6.560734939698427137e-01,1.129489265110559915e+00
-5.060427503669501448e+00,-2.461364506015659259e+00,-2.365466426530112631e+00,5.342410211312764723e-01,-3.681354044987595331e-01,-1.507792301849233962e-03,4.421282546160731353e-01,3.604632005839725206e-01,0.000000000000000000e+00,0.000000000000000000e+00,0.000000000000000000e+00,0.000000000000000000e+00,0.000000000000000000e+00,3.138311825466260085e+00,1.524008202077666851e+00
-6.354207223932773374e+00,-2.651557886038133915e+00,-1.286739049943057545e+00,-1.461995627163242606e+00,-5.522455613978702882e-01,-4.654983500880147118e-01,1.583614112135920404e-01,6.727151532217203744e-01,0.000000000000000000e+00,0.000000000000000000e+00,0.000000000000000000e+00,0.000000000000000000e+00,0.000000000000000000e+00,-2.418905032486467821e+00,7.559689147048364033e-01
-6.869810570302434805e+00,-2.692859690176749865e+00,-1.217461303387036953e+00,-1.740741450975118898e+00,-5.840736686182359527e-01,-1.176868055588109890e-01,4.163719964299196497e-02,8.433786535037717247e-01,0.000000000000000000e+00,0.000000000000000000e+00,0.000000000000000000e+00,0.000000000000000000e+00,0.000000000000000000e+00,-1.913820267215591286e+00,3.865177874302770378e-01
-8.078833353210455925e+00,-2.679940529112498471e+00,-1.367958818680614863e+00,-2.306380046711845822e+00,-5.121968504837528524e-01,-3.064693557329631335e-02,-4.649206415441577839e-02,8.487484839329691999e-01,0.000000000000000000e+00,0.000000000000000000e+00,0.000000000000000000e+00,0.000000000000000000e+00,0.000000000000000000e+00,-1.491523688770975131e-01,5.652760387633618544e-01
-1.203467168674747612e+01,-2.523646427572273865e+00,-3.564949297834973052e+00,-2.029505756311590137e+00,-5.330247258887981232e-01,1.393396845307786069e+00,1.691198959804997987e-02,1.110384172002776504e+00,0.000000000000000000e+00,0.000000000000000000e+00,0.000000000000000000e+00,0.000000000000000000e+00,0.000000000000000000e+00,2.439685624602948577e-01,2.401103912786822503e-01
-9.623863234567121339e+00,-2.649065808765078689e+00,-1.524422906463383853e+00,-2.800298536741393285e+00,-4.287317390375278148e-01,7.787326934605979245e-01,2.337586111931192617e-02,9.021951369221570260e-01,0.000000000000000000e+00,0.000000000000000000e+00,0.000000000000000000e+00,0.000000000000000000e+00,0.000000000000000000e+00,5.894880451169233204e-01,9.335614602156604436e-01
-8.592427113934906657e+00,-2.639974945788277516e+00,-1.204951915087491443e+00,-2.431816476185697073e+00,-6.648365847950725716e-01,2.065929072255081600e-01,-1.978305007304259622e-01,9.610379331958003313e-01,0.000000000000000000e+00,0.000000000000000000e+00,0.000000000000000000e+00,0.000000000000000000e+00,0.000000000000000000e+00,2.081815875564881235e+00,1.511041031871739104e+00
-8.962913705837095790e+00,-2.578953722361340795e+00,-1.349717310945702575e+00,-2.658614112851055644e+00,-4.308599815628139096e-01,3.838345604135560696e-01,-7.998406143788651390e-02,1.098245023009169152e+00,0.000000000000000000e+00,0.000000000000000000e+00,0.000000000000000000e+00,0.000000000000000000e+00,0.000000000000000000e+00,1.981501386564725742e+00,1.242311152650572348e+00
-7.494546898271723379e+00,-2.522728548972926088e+00,-8.665709546515319994e-01,-1.853506541454117640e+00,-7.405207011765916336e-01,-1.996629854688998784e-01,6.735238342003194156e-02,8.764915386170168965e-01,0.000000000000000000e+00,0.000000000000000000e+00,0.000000000000000000e+00,0.000000000000000000e+00,0.000000000000000000e+00,2.238067964740018567e+00,6.899949275175895069e-01
-5.535610792430046168e+00,-2.563785628743060041e+00,-2.686015203646359706e-01,-1.724764795501529724e+00,-6.318434623585873489e-01,-6.693228138046365405e-01,2.265807300444072359e-01,6.520259792528281251e-01,0.000000000000000000e+00,0.000000000000000000e+00,0.000000000000000000e+00,0.000000000000000000e+00,0.000000000000000000e+00,2.352926527969654735e+00,4.327516608864682701e-01
-5.366568965592859897e+00,-2.572819833386761346e+00,-5.484494135660397118e-01,-1.377341552238731115e+00,-7.254518336488873231e-01,-6.966908888477222339e-01,3.122127502478693195e-01,4.760177590691793137e-01,0.000000000000000000e+00,0.000000000000000000e+00,0.000000000000000000e+00,0.000000000000000000e+00,0.000000000000000000e+00,2.455031057670019834e+00,4.227919109916807305e-01
-7.053411272562093437e+00,-2.429218609660785066e+00,-1.229867776926416800e+00,-1.390182390562595405e+00,-6.511508323867544190e-01,-5.241860627372869619e-01,1.141238729776993255e-01,8.821126167189279332e-01,0.000000000000000000e+00,0.000000000000000000e+00,0.000000000000000000e+00,0.000000000000000000e+00,0.000000000000000000e+00,1.415001118097169108e+00,3.866833329741551917e-01
-6.943875688497558762e+00,-2.441095110887988362e+00,-1.276753647022625060e+00,-1.360769100360136763e+00,-6.083188114868579577e-01,-4.330429299063251469e-01,4.770068054176539868e-02,9.946212728093636324e-01,0.000000000000000000e+00,0.000000000000000000e+00,0.000000000000000000e+00,0.000000000000000000e+00,0.000000000000000000e+00,2.002399243855852995e-01,4.826437609666150985e-01
-7.376145425242379261e+00,-2.392080178565566317e+00,-1.682700494310162442e+00,-1.178427088287190339e+00,-6.658227174348004818e-01,-4.296965071341493081e-01,1.830873447681680699e-01,8.786330707093971126e-01,0.000000000000000000e+00,0.000000000000000000e+00,0.000000000000000000e+00,0.000000000000000000e+00,0.000000000000000000e+00,-2.545021847204748111e-01,4.329457240809719276e-01
-7.171598358964001996e+00,-2.439367744483522671e+00,-1.630428706257094795e+00,-8.619807474150767979e-01,-5.613002375015458956e-01,-2.074674671139314364e-01,1.885939252167757874e-01,7.978066722418106771e-01,0.000000000000000000e+00,0.000000000000000000e+00,0.000000000000000000e+00,0.000000000000000000e+00,0.000000000000000000e+00,-1.137577333416444736e+00,6.026757005222632690e-01
-8.740375856431056079e+00,-2.470340597428688501e+00,-2.519061582497207130e+00,-9.440348740514635795e-01,-6.628052217753268582e-01,1.102864891112656162e-02,1.073582421618090449e-02,9.867074776543970360e-01,0.000000000000000000e+00,0.000000000000000000e+00,0.000000000000000000e+00,0.000000000000000000e+00,0.000000000000000000e+00,-1.159263462857267557e+00,6.524760532004226787e-01
-8.221994237548109652e+00,-2.373381343110733788e+00,-1.727374336906678742e+00,-1.415325894649724470e+00,-5.876604895719602650e-01,-5.208921683377801953e-02,4.837300197983090966e-02,1.038205937179356164e+00,0.000000000000000000e+00,0.000000000000000000e+00,0.000000000000000000e+00,0.000000000000000000e+00,0.000000000000000000e+00,-2.668375291776988734e-01,5.992061414905580641e-01
-8.230449761875716419e+00,-2.391892981317939704e+00,-1.826885497796181479e+00,-1.502738337660205703e+00,-6.741785005618159410e-01,-1.212996281365274487e-01,7.143396055442356729e-02,9.260882662266765042e-01,0.000000000000000000e+00,0.000000000000000000e+00,0.000000000000000000e+00,0.000000000000000000e+00,0.000000000000000000e+00,1.439853450612807340e+00,4.518683436577518031e-01
-8.210605165044714937e+00,-2.444999890678832610e+00,-1.582295630047441115e+00,-1.619884528114921229e+00,-6.305734468154795547e-01,-1.879599680386815352e-01,3.444601906786132206e-02,9.703146660077210939e-01,0.000000000000000000e+00,0.000000000000000000e+00,0.000000000000000000e+00,0.000000000000000000e+00,0.000000000000000000e+00,2.106319905352040500e+00,8.406961401124667388e-01
-7.601574697658537438e+00,-2.478003126938611356e+00,-1.735994058376516103e+00,-1.287144853998020588e+00,-7.110012374351574183e-01,-5.252584786366384373e-01,2.110429960621938716e-01,6.105628280109137718e-01,0.000000000000000000e+00,0.000000000000000000e+00,0.000000000000000000e+00,0.000000000000000000e+00,0.000000000000000000e+00,2.535383758930065401e+00,1.142594416230005239e+00
-8.475486496660593616e+00,-2.358636717654821080e+00,-2.329730366002302322e+00,-8.151647550716244472e-01,-7.012255456884554095e-01,2.108725947656385769e-01,2.639786201766551321e-01,9.173674982270667577e-01,0.000000000000000000e+00,0.000000000000000000e+00,0.000000000000000000e+00,0.000000000000000000e+00,0.000000000000000000e+00,2.726857050738183297e+00,9.604217823435747814e-01
-8.327480388041724524e+00,-2.381852388908443086e+00,-2.203005800877276155e+00,-8.438102659508682768e-01,-6.198244793938840758e-01,1.304682354556002677e-01,2.731820667435582717e-01,8.972940614273987592e-01,0.000000000000000000e+00,0.000000000000000000e+00,0.000000000000000000e+00,0.000000000000000000e+00,0.000000000000000000e+00,2.519598983329161435e+00,7.997849711016017382e-01
-8.796331839273939579e+00,-2.225245748970795301e+00,-2.417150854297303475e+00,-9.756664878855847434e-01,-5.823352340150820261e-01,-3.999786241669951031e-02,3.409325688328913029e-01,9.572347255144320055e-01,0.000000000000000000e+00,0.000000000000000000e+00,0.000000000000000000e+00,0.000000000000000000e+00,0.000000000000000000e+00,2.079057170842006030e+00,5.013781008380789883e-01
-7.408565250820868364e+00,-2.296825183717397412e+00,-1.964239379917648298e+00,-7.112071461455662380e-01,-5.152924298634125044e-01,-3.283229146365514439e-01,3.602233098936168942e-01,8.463527423047573217e-01,0.000000000000000000e+00,0.000000000000000000e+00,0.000000000000000000e+00,0.000000000000000000e+00,0.000000000000000000e+00,1.455152997357281208e+00,3.986627647523655060e-01
-6.744264008707762770e+00,-2.256135668339362965e+00,-1.573839823868916410e+00,-5.839866105880878733e-01,-5.267211852997240040e-01,-6.003886761778930437e-01,3.981958665099430972e-01,6.616669451805375912e-01,0.000000000000000000e+00,0.000000000000000000e+00,0.000000000000000000e+00,0.000000000000000000e+00,0.000000000000000000e+00,5.206658699153891012e-01,4.080747480548131412e-01
-6.535684223895674272e+00,-2.268223727170987303e+00,-1.708297606375237088e+00,-3.062278125818439500e-01,-4.998675879813185285e-01,-3.732723772065854595e-01,4.884281494542416779e-01,6.987555089540532505e-01,0.000000000000000000e+00,0.000000000000000000e+00,0.000000000000000000e+00,0.000000000000000000e+00,0.000000000000000000e+00,-5.720490064466281499e-01,5.911082811126909808e-01
-6.682585219559042500e+00,-2.152122097710053250e+00,-1.995152970557517502e+00,-2.173945284942304101e-01,-4.392581868417156366e-01,-5.842430972012444546e-01,5.564271824488512541e-01,6.585410043603775465e-01,0.000000000000000000e+00,0.000000000000000000e+00,0.000000000000000000e+00,0.000000000000000000e+00,0.000000000000000000e+00,-1.239419114309586512e+00,1.051189802081431202e+00
-7.225954001943871496e+00,-2.289436269385002998e+00,-2.052970853599559220e+00,-5.406578653803222334e-01,-4.948262659075889358e-01,-2.450245795779017188e-01,3.947033428071685113e-01,8.080978365607041081e-01,0.000000000000000000e+00,0.000000000000000000e+00,0.000000000000000000e+00,0.000000000000000000e+00,0.000000000000000000e+00,-1.941852305988142069e+00,6.287924935938722371e-01
-7.667366695564338919e+00,-2.350977663170681353e+00,-2.195512553426675950e+00,-5.778982514353618871e-01,-5.520090876061821694e-01,-2.288345462643890937e-01,3.912024722102815377e-01,6.781794797356721638e-01,0.000000000000000000e+00,0.000000000000000000e+00,0.000000000000000000e+00,0.000000000000000000e+00,0.000000000000000000e+00,-2.638029315220959514e+00,8.517258948746309066e-01
-8.167316572621375670e+00,-2.342007040902919446e+00,-2.275757727082396542e+00,-8.761571734330845240e-01,-5.907778114901003352e-01,-3.113622458987418407e-01,2.814471363121133218e-01,6.449276200661856473e-01,0.000000000000000000e+00,0.000000000000000000e+00,0.000000000000000000e+00,0.000000000000000000e+00,0.000000000000000000e+00,-3.127548633164244141e+00,7.120702212563061462e-01
-6.679161876012420507e+00,-2.331362560505672032e+00,-1.578544195796308669e+00,-9.822048913870071729e-01,-4.426854994672225763e-01,-5.745771817377161028e-01,2.861003054390786615e-01,7.614613574612351110e-01,0.000000000000000000e+00,0.000000000000000000e+00,0.000000000000000000e+00,0.000000000000000000e+00,0.000000000000000000e+00,2.781110755043028071e+00,5.471681642785890531e-01
-5.895898564235269923e+00,-2.362281773661931705e+00,-1.854811172986818191e+00,-2.169433379812880647e-01,-4.298386734050973490e-01,-2.219807621836165923e-01,4.513295406541393828e-01,5.581638848775598571e-01,0.000000000000000000e+00,0.000000000000000000e+00,0.000000000000000000e+00,0.000000000000000000e+00,0.000000000000000000e+00,1.239573795867865424e+00,4.674056054434953533e-01
-5.148231386584739333e+00,-2.289331356402069417e+00,-1.812069987592680675e+00,7.669323681660920877e-03,-3.806836884971541157e-01,-5.524082191066514991e-01,5.723540571859101478e-01,3.722181606549213595e-01,0.000000000000000000e+00,0.000000000000000000e+00,0.000000000000000000e+00,0.000000000000000000e+00,0.000000000000000000e+00,-9.852014232497310342e-01,6.911584478250942798e-01
-6.617423342980757184e+00,-2.336286407629137862e+00,-1.544259573312182665e+00,-8.795317216441487229e-01,-4.884100614366523319e-01,-5.978412614972513639e-01,4.028851472724992999e-01,5.256942679893495951e-01,0.000000000000000000e+00,0.000000000000000000e+00,0.000000000000000000e+00,0.000000000000000000e+00,0.000000000000000000e+00,-2.315281660416896425e+00,7.260991667809495453e-01
-7.582654950839827102e+00,-2.391281059285556232e+00,-1.738457748603266406e+00,-1.005094865521082736e+00,-5.754033616223042102e-01,-3.311456116994225818e-01,2.800897780529048031e-01,6.164440694200082893e-01,0.000000000000000000e+00,0.000000000000000000e+00,0.000000000000000000e+00,0.000000000000000000e+00,0.000000000000000000e+00,-2.616051336711385567e+00,1.221891157182178889e+00
-7.884801553642893701e+00,-2.394516635890816314e+00,-1.727876725565038463e+00,-1.145732923079583410e+00,-5.831142476775176275e-01,-1.892414947624975474e-01,2.223695447855470742e-01,7.704913237385387914e-01,0.000000000000000000e+00,0.000000000000000000e+00,0.000000000000000000e+00,0.000000000000000000e+00,0.000000000000000000e+00,-2.364527630632482058e+00,8.485575996949220601e-01
-8.344283802125929128e+00,-2.429472358291196787e+00,-1.560722918532604808e+00,-1.626333824008360240e+00,-6.426549594192159098e-01,-4.794235973783021743e-02,1.356239818292141741e-01,7.906809047742499041e-01,0.000000000000000000e+00,0.000000000000000000e+00,0.000000000000000000e+00,0.000000000000000000e+00,0.000000000000000000e+00,-1.931067371033384550e+00,4.680480744538923488e-01
-8.588589798875661430e+00,-2.419381543695532155e+00,-1.687157373443442854e+00,-1.766203043348680835e+00,-6.253715002932738187e-01,-2.732531562498570210e-01,2.061814531788659088e-01,6.098293733619983836e-01,0.000000000000000000e+00,0.000000000000000000e+00,0.000000000000000000e+00,0.000000000000000000e+00,0.000000000000000000e+00,-9.201694478752966422e-01,8.420213774007623275e-02
-1.039629160578340894e+01,-2.361750039834296988e+00,-2.107287929640789148e+00,-1.883070797588531242e+00,-5.650385961210291352e-01,3.316732115759677413e-01,-4.022808896881863161e-02,8.916517857892809484e-01,0.000000000000000000e+00,0.000000000000000000e+00,0.000000000000000000e+00,0.000000000000000000e+00,0.000000000000000000e+00,1.795962523238183284e+00,1.836355085488620698e-01
-9.795627085735128858e+00,-2.434181231946930257e+00,-1.980173827676718901e+00,-1.876159250136209877e+00,-5.504504332877244721e-01,3.396606954775781007e-01,-9.298256737580515296e-02,9.963723997294556822e-01,0.000000000000000000e+00,0.000000000000000000e+00,0.000000000000000000e+00,0.000000000000000000e+00,0.000000000000000000e+00,1.493813776164410134e+00,3.640782882842644730e-01
-9.013242768294537299e+00,-2.319576700953329684e+00,-1.773435969253426281e+00,-1.733674268644133543e+00,-6.444595400168933175e-01,-1.338236943985311178e-01,9.088535708613330877e-02,8.567990179264646233e-01,0.000000000000000000e+00,0.000000000000000000e+00,0.000000000000000000e+00,0.000000000000000000e+00,0.000000000000000000e+00,1.359317191122174417e+00,5.430994384088426719e-01
-7.653722738117820334e+00,-2.337896118736257023e+00,-1.454166483694405265e+00,-1.741305671242283859e+00,-5.642808049239522727e-01,-8.126746580455290747e-01,2.130991507986538247e-01,5.699627877790737207e-01,0.000000000000000000e+00,0.000000000000000000e+00,0.000000000000000000e+00,0.000000000000000000e+00,0.000000000000000000e+00,1.774179839028688033e+00,4.257757625793160416e-01
-7.300116800523689164e+00,-2.333140799284295852e+00,-1.079744076137492570e+00,-1.757418414234253268e+00,-5.454607712054707624e-01,-8.324171255582883955e-01,2.069745938616124326e-01,6.515638519475182022e-01,0.000000000000000000e+00,0.000000000000000000e+00,0.000000000000000000e+00,0.000000000000000000e+00,0.000000000000000000e+00,2.264540238055821497e+00,3.862874577306391055e-01
-6.465627727377388112e+00,-2.452503369955944645e+00,-1.222333577323017062e+00,-1.505359835857248640e+00,-5.463311411362217207e-01,-7.553497704946381397e-01,2.175204123192673589e-01,6.865180760338551735e-01,0.000000000000000000e+00,0.000000000000000000e+00,0.000000000000000000e+00,0.000000000000000000e+00,0.000000000000000000e+00,7.905527569199582993e-01,2.743610759564934498e-01
-6.243787860638059684e+00,-2.414484837641911241e+00,-1.382521964316278273e+00,-1.162470898478087600e+00,-5.407357808992491188e-01,-8.584219099658152441e-01,3.695440293388808084e-01,5.397104531405253480e-01,0.000000000000000000e+00,0.000000000000000000e+00,0.000000000000000000e+00,0.000000000000000000e+00,0.000000000000000000e+00,4.961564772828477299e-01,2.751817581163317761e-01
-6.904070229430072203e+00,-2.362845638837642870e+00,-1.625954071373803878e+00,-1.232571509247110342e+00,-5.424189443076227191e-01,-6.301998379378646042e-01,2.608662214631988219e-01,8.360144061548941963e-01,0.000000000000000000e+00,0.000000000000000000e+00,0.000000000000000000e+00,0.000000000000000000e+00,0.000000000000000000e+00,-2.381667793891305007e-01,7.121011164153654427e-01
-8.922613445407417743e+00,-2.296456050201178822e+00,-2.150970291116919508e+00,-1.459306692597911681e+00,-5.513475411101338430e-01,-4.009153460342940178e-01,1.572619933455829400e-01,8.595804517265269729e-01,0.000000000000000000e+00,0.000000000000000000e+00,0.000000000000000000e+00,0.000000000000000000e+00,0.000000000000000000e+00,-6.672179360016994298e-01,5.397517948094228135e-01
-9.174154541281811959e+00,-2.398080411277922597e+00,-2.243201157554493896e+00,-1.491856495260182491e+00,-6.520864436606890191e-01,-1.633363695057311049e-01,7.775663524854695141e-02,8.060647823793711808e-01,0.000000000000000000e+00,0.000000000000000000e+00,0.000000000000000000e+00,0.000000000000000000e+00,0.000000000000000000e+00,-1.717559523038355129e+00,4.649989247299400885e-01
-7.529007670734082502e+00,-2.496480740475059523e+00,-1.682046564074302086e+00,-1.713085016801907834e+00,-6.088132401618848721e-01,-5.604181074793274098e-01,-9.629075742964368634e-02,9.038035643640263128e-01,0.000000000000000000e+00,0.000000000000000000e+00,0.000000000000000000e+00,0.000000000000000000e+00,0.000000000000000000e+00,-2.403121339461957717e+00,5.125095121068514725e-01
-7.243383212851384201e+00,-2.532941535634946728e+00,-1.717672683524479771e+00,-1.533416028864003522e+00,-6.263899784110559255e-01,-5.178051865531396736e-01,-4.634150519187023309e-02,8.945682000648895738e-01,0.000000000000000000e+00,0.000000000000000000e+00,0.000000000000000000e+00,0.000000000000000000e+00,0.000000000000000000e+00,-2.813153235739469959e+00,3.782168690050626836e-01
-7.130700367195942135e+00,-2.526189191207833140e+00,-1.656119772131390500e+00,-1.570246291222165969e+00,-6.279303044531518996e-01,-6.005284818454053042e-01,-2.094925995994484369e-02,8.831022496798467403e-01,0.000000000000000000e+00,0.000000000000000000e+00,0.000000000000000000e+00,0.000000000000000000e+00,0.000000000000000000e+00,-1.999202122730131981e+00,1.396173341673641322e-01
-6.867184452714751863e+00,-2.497431728069059886e+00,-1.489980579293130658e+00,-1.593955421641500614e+00,-6.158072433910950494e-01,-5.469408227924640320e-01,3.242926790551045602e-02,8.953792364774739720e-01,0.000000000000000000e+00,0.000000000000000000e+00,0.000000000000000000e+00,0.000000000000000000e+00,0.000000000000000000e+00,-2.085869143813702031e+00,1.218031198286803757e-01
-7.338867937115434614e+00,-2.425724599205617338e+00,-1.635158120484237587e+00,-1.712545252013096153e+00,-6.134637684508696953e-01,-7.070498819480534047e-01,9.859735172574467243e-02,7.871369986757585924e-01,0.000000000000000000e+00,0.000000000000000000e+00,0.000000000000000000e+00,0.000000000000000000e+00,0.000000000000000000e+00,-1.389406139775574367e+00,2.328196727082996464e-01
-6.637387615107975591e+00,-2.531075601363979022e+00,-1.327796172687281562e+00,-1.673801473221297798e+00,-6.690322074057138968e-01,-6.567026836999233508e-01,8.548660780245187496e-02,7.223895813428957702e-01,0.000000000000000000e+00,0.000000000000000000e+00,0.000000000000000000e+00,0.000000000000000000e+00,0.000000000000000000e+00,-6.781193077490256238e-01,1.386830919759176606e-01
-6.541697765861610669e+00,-2.442675958060829267e+00,-1.209252883747745866e+00,-1.653362075053779856e+00,-5.315123381140729464e-01,-6.706419052028330663e-01,1.982666078139291577e-01,7.135747655335205053e-01,0.000000000000000000e+00,0.000000000000000000e+00,0.000000000000000000e+00,0.000000000000000000e+00,0.000000000000000000e+00,3.029375991870339457e-02,3.301514803843953738e-02
-6.167622929294043210e+00,-2.521354521781357327e+00,-1.156200416434934208e+00,-1.564731796443727951e+00,-5.007995539106867566e-01,-5.667658860178061975e-01,1.442364149211557978e-01,7.797770366440650580e-01,0.000000000000000000e+00,0.000000000000000000e+00,0.000000000000000000e+00,0.000000000000000000e+00,0.000000000000000000e+00,2.753965338856358080e+00,1.825431455848146312e-01
-6.315498674711771621e+00,-2.515858839365147759e+00,-1.149926777979469517e+00,-1.701599549016916013e+00,-5.388187196777578514e-01,-6.488214632087668798e-01,1.113471926746127383e-01,7.484300003372088561e-01,0.000000000000000000e+00,0.000000000000000000e+00,0.000000000000000000e+00,0.000000000000000000e+00,0.000000000000000000e+00,1.922510662570941609e+00,1.161077086157542154e-01
-6.095085169879044251e+00,-2.538897867339937164e+00,-1.226858381509478901e+00,-1.416917615210707471e+00,-5.544471489786085838e-01,-4.420500092176874452e-01,1.529838281053052529e-01,7.242270419571593676e-01,0.000000000000000000e+00,0.000000000000000000e+00,0.000000000000000000e+00,0.000000000000000000e+00,0.000000000000000000e+00,1.543480718230159532e+00,1.830682932678400487e-01
-6.408920969172609006e+00,-2.517125365065665310e+00,-1.135691115806071627e+00,-1.668995725889811599e+00,-5.430516090967882903e-01,-5.437630459493658641e-01,8.800921650055590351e-02,7.748456616348947668e-01,0.000000000000000000e+00,0.000000000000000000e+00,0.000000000000000000e+00,0.000000000000000000e+00,0.000000000000000000e+00,2.428188392714476507e-01,1.122942563090472134e-01
-7.014107338047336881e+00,-2.441810704339447469e+00,-1.284752829156561083e+00,-1.781131565636961955e+00,-5.942223613935828652e-01,-6.797513169008425615e-01,7.996608188233730874e-02,7.187576165922913152e-01,0.000000000000000000e+00,0.000000000000000000e+00,0.000000000000000000e+00,0.000000000000000000e+00,0.000000000000000000e+00,-1.054732545367194962e+00,2.816842203603164285e-01
-7.217767898909539070e+00,-2.517396405858927544e+00,-1.257293576099086208e+00,-1.883093943768909595e+00,-5.676487127739471283e-01,-3.621326029510456568e-01,4.207266194380770985e-02,8.056501893875019915e-01,0.000000000000000000e+00,0.000000000000000000e+00,0.000000000000000000e+00,0.000000000000000000e+00,0.000000000000000000e+00,-1.645741020933444210e+00,2.938247777162433239e-01
-7.769512371200627321e+00,-2.516247861938400998e+00,-1.466968143068133834e+00,-1.992513433442921533e+00,-6.035376571175341542e-01,-4.025384252821032072e-01,9.924695040777653521e-02,6.151189202722529004e-01,0.000000000000000000e+00,0.000000000000000000e+00,0.000000000000000000e+00,0.000000000000000000e+00,0.000000000000000000e+00,-2.055147432750780823e+00,3.672410652418883759e-01
-7.902080821297663427e+00,-2.506893490327759544e+00,-1.343208330725205846e+00,-2.101154981340253247e+00,-6.046829446075150383e-01,-3.425768042502289612e-01,6.667282962850497319e-02,6.513804051589291433e-01,0.000000000000000000e+00,0.000000000000000000e+00,0.000000000000000000e+00,0.000000000000000000e+00,0.000000000000000000e+00,-2.401007517452090845e+00,3.156865534038507670e-01
-8.033413788991202509e+00,-2.432252488798234413e+00,-1.159810124468567460e+00,-2.326313232991579660e+00,-5.682093112989781147e-01,-3.309376255261836097e-01,-1.173849952475024966e-02,7.945979411754734434e-01,0.000000000000000000e+00,0.000000000000000000e+00,0.000000000000000000e+00,0.000000000000000000e+00,0.000000000000000000e+00,-2.150451878794281235e+00,1.661384964419707344e-01
-8.177406310211980056e+00,-2.469592167902081137e+00,-1.192039231678476474e+00,-2.314352688038231243e+00,-5.335321142736511035e-01,-1.630466417169547100e-01,-1.000840449676312083e-01,8.935418253949842793e-01,0.000000000000000000e+00,0.000000000000000000e+00,0.000000000000000000e+00,0.000000000000000000e+00,0.000000000000000000e+00,-1.897755167430616785e+00,1.214331091589133799e-01
-8.259966708996451246e+00,-2.458897582467167275e+00,-1.332703799037726622e+00,-2.282810967932886737e+00,-5.518878966046840695e-01,-2.997374976586554274e-01,-4.110688474262652603e-02,7.543030722482275685e-01,0.000000000000000000e+00,0.000000000000000000e+00,0.000000000000000000e+00,0.000000000000000000e+00,0.000000000000000000e+00,-1.107148717794067982e+00,1.408722825824857139e-01
-7.558521840672322689e+00,-2.538905151743339861e+00,-1.174398716610142390e+00,-2.196921381417209052e+00,-6.511957084629049763e-01,-3.745669204556180687e-01,5.834793875755377862e-02,5.398734742948789744e-01,0.000000000000000000e+00,0.000000000000000000e+00,0.000000000000000000e+00,0.000000000000000000e+00,0.000000000000000000e+00,-1.637049926252737153e+00,2.114639449173337238e-01
-7.500961341146058281e+00,-2.504470979263791364e+00,-9.126325585784721417e-01,-2.372299273831021349e+00,-5.882519764054255917e-01,-3.572267001444624501e-01,-7.991362622011551758e-03,6.899576288505737676e-01,0.000000000000000000e+00,0.000000000000000000e+00,0.000000000000000000e+00,0.000000000000000000e+00,0.000000000000000000e+00,-1.053920356208172926e+00,3.278246482496428582e-01
-7.349093890825732167e+00,-2.563153019693935164e+00,-8.189735208586738091e-01,-2.369855629691996590e+00,-6.262213942180526738e-01,-2.311852951506157272e-01,-6.825191270526301257e-02,7.067665986926121580e-01,0.000000000000000000e+00,0.000000000000000000e+00,0.000000000000000000e+00,0.000000000000000000e+00,0.000000000000000000e+00,-7.800314886232913025e-01,3.952783829151330641e-01
-7.771560894203494385e+00,-2.549682351595069729e+00,-1.072744533229591068e+00,-2.244907069410128742e+00,-6.976151740466413065e-01,-5.794862978832156925e-02,-6.190147716289082225e-02,6.447009230000775304e-01,0.000000000000000000e+00,0.000000000000000000e+00,0.000000000000000000e+00,0.000000000000000000e+00,0.000000000000000000e+00,5.647697851465689062e-02,2.834519359609325995e-01
-7.290594259773435226e+00,-2.495892289494037186e+00,-7.899982957109989989e-01,-2.378537368350873038e+00,-6.283396907515643726e-01,-4.110499140045125177e-01,-2.431318535482787646e-02,7.168602764844781428e-01,0.000000000000000000e+00,0.000000000000000000e+00,0.000000000000000000e+00,0.000000000000000000e+00,0.000000000000000000e+00,8.085456340072090242e-01,9.470696912054563654e-01
-7.084623377802828692e+00,-2.472208340917283920e+00,-8.579021305860916602e-01,-2.196219184031086069e+00,-6.221973489332471852e-01,-4.985340654197203403e-01,2.766569265230049354e-02,7.467642133883661826e-01,0.000000000000000000e+00,0.000000000000000000e+00,0.000000000000000000e+00,0.000000000000000000e+00,0.000000000000000000e+00,1.387946901876375039e+00,8.359354042029796261e-01
-7.493585934931756398e+00,-2.477221546494685178e+00,-1.101466653240750215e+00,-2.266120046877754923e+00,-5.915147428334991409e-01,-3.537595126979899973e-01,-7.310468352362285704e-03,8.750502198544959365e-01,0.000000000000000000e+00,0.000000000000000000e+00,0.000000000000000000e+00,0.000000000000000000e+00,0.000000000000000000e+00,7.107706576899381901e-01,4.552296123935695715e-01
-5.552598599707513571e+00,-2.518717581708210584e+00,-8.350653361531185093e-01,-1.673794443368510576e+00,-6.254714672317170931e-01,-8.253945592396135789e-01,1.531928015566038637e-01,6.450196509686118018e-01,0.000000000000000000e+00,0.000000000000000000e+00,0.000000000000000000e+00,0.000000000000000000e+00,0.000000000000000000e+00,-1.592134551047501789e+00,3.280746866187632116e-01
-6.775329333917706975e+00,-2.442849381594910163e+00,-1.088354309683811527e+00,-1.919930485887637817e+00,-6.228321103489280475e-01,-6.718106740971175883e-01,-1.572665314246970286e-02,9.242503490132117916e-01,0.000000000000000000e+00,0.000000000000000000e+00,0.000000000000000000e+00,0.000000000000000000e+00,0.000000000000000000e+00,-1.457911110792888376e+00,5.947856756849497772e-01
-6.476580051077678313e+00,-2.441664997214588517e+00,-1.058642376827608755e+00,-1.783736529990238351e+00,-5.663371908893918283e-01,-5.796107349004739895e-01,2.791929415302966608e-02,9.215134862557747830e-01,0.000000000000000000e+00,0.000000000000000000e+00,0.000000000000000000e+00,0.000000000000000000e+00,0.000000000000000000e+00,-1.672045437740267371e+00,6.925467493245499595e-01
-6.199184210247110194e+00,-2.502627804357989483e+00,-1.111901707259948191e+00,-1.627986785592646646e+00,-6.288777044025126717e-01,-6.895843426404658638e-01,1.926308941737737979e-01,6.513889379685420256e-01,0.000000000000000000e+00,0.000000000000000000e+00,0.000000000000000000e+00,0.000000000000000000e+00,0.000000000000000000e+00,-1.074500913259438528e+00,2.877116612165732112e-01
-5.927036931185904578e+00,-2.678085937815612994e+00,-9.103144190510739087e-01,-2.270244841097285082e+00,-4.843653441385007419e-01,-5.241212678616206100e-01,-5.310603243703886783e-02,8.132908984867434077e-01,0.000000000000000000e+00,0.000000000000000000e+00,0.000000000000000000e+00,0.000000000000000000e+00,0.000000000000000000e+00,-2.843747530344591379e+00,2.249022009674456757e-01
-5.723369990564458831e+00,-2.685505579121189257e+00,-7.811793030299905016e-01,-2.171039172938989736e+00,-6.130249965636215270e-01,-6.207102886284605603e-01,-2.929666758698913631e-02,7.353042553879658438e-01,0.000000000000000000e+00,0.000000000000000000e+00,0.000000000000000000e+00,0.000000000000000000e+00,0.000000000000000000e+00,-3.048597413324958261e+00,1.938375608596001332e-01
-5.766551902457897505e+00,-2.591963156247663935e+00,-8.936197740020854763e-01,-2.039098920017859307e+00,-6.029062771631632511e-01,-8.812125073315958401e-01,1.032065429883396654e-02,6.410568071831325154e-01,0.000000000000000000e+00,0.000000000000000000e+00,0.000000000000000000e+00,0.000000000000000000e+00,0.000000000000000000e+00,2.340153085545700229e+00,1.322459829257567887e-01
-5.896156987394279625e+00,-2.675616015072233012e+00,-7.649557413373569981e-01,-2.245853148621800965e+00,-5.395696967121720311e-01,-4.683030116108145569e-01,-1.336538676721412133e-01,8.615377220474164099e-01,0.000000000000000000e+00,0.000000000000000000e+00,0.000000000000000000e+00,0.000000000000000000e+00,0.000000000000000000e+00,9.272952180015944235e-01,2.800000000000039679e-01
-6.859063117040785862e+00,-2.566723780785335141e+00,-9.449973346331651536e-01,-2.385715120322974947e+00,-5.593085763236469443e-01,-5.751873005030490038e-01,-1.043603592940667013e-01,8.484755517525760515e-01,0.000000000000000000e+00,0.000000000000000000e+00,0.000000000000000000e+00,0.000000000000000000e+00,0.000000000000000000e+00,1.209129632185063974e+00,4.041447760394785704e-01
-7.617009156557492666e+00,-2.607930849997384559e+00,-1.075139157432151382e+00,-2.488956545345131222e+00,-5.509425702396709701e-01,-4.694059021252379171e-01,-1.638603481085247615e-01,9.640107441509576658e-01,0.000000000000000000e+00,0.000000000000000000e+00,0.000000000000000000e+00,0.000000000000000000e+00,0.000000000000000000e+00,1.258391294705747399e+00,6.767569726275465269e-01
-8.510978780342032479e+00,-2.475402205434980463e+00,-1.489227451579218542e+00,-2.501042665497785311e+00,-5.844575064157395694e-01,-2.961504803844392519e-01,-8.036084389352685098e-02,8.305618825830745067e-01,0.000000000000000000e+00,0.000000000000000000e+00,0.000000000000000000e+00,0.000000000000000000e+00,0.000000000000000000e+00,7.683543594024567769e-01,7.468132296632067346e-01
-6.650081379230988077e+00,-2.543236856588944494e+00,-1.013085266502729453e+00,-2.240468528923775793e+00,-5.668189066286035693e-01,-7.436250347822523921e-01,-1.097507772485885602e-01,8.912430556898455203e-01,0.000000000000000000e+00,0.000000000000000000e+00,0.000000000000000000e+00,0.000000000000000000e+00,0.000000000000000000e+00,3.842258073569267962e-01,3.494810438349965631e-01
-5.460902488187378445e+00,-2.566121733627372059e+00,-9.974681406071790324e-01,-1.770512686337538000e+00,-5.202601839771948677e-01,-9.643006212824744017e-01,5.276528554888909595e-02,8.789997627799925883e-01,0.000000000000000000e+00,0.000000000000000000e+00,0.000000000000000000e+00,0.000000000000000000e+00,0.000000000000000000e+00,-1.640129460483108037e+00,4.330404138183858720e-01
-5.682240303072213727e+00,-2.598461572809134701e+00,-1.091646181088254286e+00,-1.863065176323293493e+00,-5.481328882492380039e-01,-9.192865288995056838e-01,-3.722287396433138218e-02,8.353301540435140726e-01,0.000000000000000000e+00,0.000000000000000000e+00,0.000000000000000000e+00,0.000000000000000000e+00,0.000000000000000000e+00,-1.834102876364067658e+00,3.573149870912216142e-01
-5.775200927162173592e+00,-2.601296045379146715e+00,-1.053559558703531795e+00,-1.896287154682521070e+00,-6.017718632191074724e-01,-9.052288699472630373e-01,7.024676013724640011e-04,7.523360855207116282e-01,0.000000000000000000e+00,0.000000000000000000e+00,0.000000000000000000e+00,0.000000000000000000e+00,0.000000000000000000e+00,-1.555412925014300951e+00,1.950230755577403996e-01
-5.971097258395265506e+00,-2.607432101944151093e+00,-1.021432683316832568e+00,-1.963932438963857052e+00,-6.210774849597290315e-01,-7.841256856075065063e-01,-6.151382918325003224e-02,8.049967097459228560e-01,0.000000000000000000e+00,0.000000000000000000e+00,0.000000000000000000e+00,0.000000000000000000e+00,0.000000000000000000e+00,-1.103196169207328436e+00,2.262918469587481274e-01
-6.420583252940474495e+00,-2.576207476383849393e+00,-9.110444049772812303e-01,-2.239033514765386812e+00,-5.706807545221461719e-01,-7.218700513311779865e-01,-8.239780072334298988e-02,8.578224221873946842e-01,0.000000000000000000e+00,0.000000000000000000e+00,0.000000000000000000e+00,0.000000000000000000e+00,0.000000000000000000e+00,-5.516549825285529396e-01,1.526433752247327025e-01
-6.359584789422964235e+00,-2.603958890200388510e+00,-1.050294225849709662e+00,-2.050343242656848641e+00,-6.158596244793362873e-01,-6.916395767061472855e-01,-1.298063253946007620e-02,7.371272705951548154e-01,0.000000000000000000e+00,0.000000000000000000e+00,0.000000000000000000e+00,0.000000000000000000e+00,0.000000000000000000e+00,3.677229825823399301e-01,2.614804007951637144e-01
-6.439115832418457863e+00,-2.589370137187380294e+00,-9.460717181351758764e-01,-2.004935214076726258e+00,-6.621647457927045677e-01,-5.651166835745207173e-01,4.971059914621524245e-02,7.087300196987104117e-01,0.000000000000000000e+00,0.000000000000000000e+00,0.000000000000000000e+00,0.000000000000000000e+00,0.000000000000000000e+00,2.567924594871522359e-01,2.874247727667246233e-01
-6.264973174069982775e+00,-2.595927107525266120e+00,-9.240406100500437869e-01,-2.077022390346249914e+00,-5.790983400780843615e-01,-6.123460779522714725e-01,-1.236915843712281249e-01,8.888162166468104308e-01,0.000000000000000000e+00,0.000000000000000000e+00,0.000000000000000000e+00,0.000000000000000000e+00,0.000000000000000000e+00,3.264125252839807922e-01,2.713263717370562045e-01
-6.319175688783455591e+00,-2.595565128057491400e+00,-9.789284172466543588e-01,-1.996996274029707585e+00,-6.115907037220444931e-01,-5.814136174994296580e-01,-5.333515752725603853e-02,8.191617848062459073e-01,0.000000000000000000e+00,0.000000000000000000e+00,0.000000000000000000e+00,0.000000000000000000e+00,0.000000000000000000e+00,6.196282394278228578e-01,5.613599558215810470e-01
-6.077930473367040065e+00,-2.581236769029725320e+00,-6.513720162749075948e-01,-2.110533047526935047e+00,-5.577908372829065708e-01,-5.715606036743958729e-01,-5.951770240307908966e-02,9.521463260108076199e-01,0.000000000000000000e+00,0.000000000000000000e+00,0.000000000000000000e+00,0.000000000000000000e+00,0.000000000000000000e+00,7.716059345606193220e-01,8.203218880415125147e-01
-5.541015296392112432e+00,-2.602143073265828832e+00,-7.357405881115880453e-01,-1.816582606107396414e+00,-5.925044549735369870e-01,-8.402801137103667051e-01,1.516198695795255014e-01,6.365235004297747912e-01,0.000000000000000000e+00,0.000000000000000000e+00,0.000000000000000000e+00,0.000000000000000000e+00,0.000000000000000000e+00,2.584076078915239494e-01,9.391826233486240127e-01
-4.794608432538113973e+00,-2.609051100087727004e+00,-8.404014454610645446e-01,-1.342428950786940467e+00,-5.868029669752851119e-01,-8.556557221723598561e-01,7.939347815362242378e-02,7.496475331212484328e-01,0.000000000000000000e+00,0.000000000000000000e+00,0.000000000000000000e+00,0.000000000000000000e+00,0.000000000000000000e+00,-1.996838853751027043e-01,4.285148772213184243e-01
-5.208172569782851369e+00,-2.529962262599830591e+00,-1.052297230517898585e+00,-1.362603494452277131e+00,-6.330208506736428875e-01,-9.745372074423578335e-01,2.542030544916011880e-01,4.788789447068946825e-01,0.000000000000000000e+00,0.000000000000000000e+00,0.000000000000000000e+00,0.000000000000000000e+00,0.000000000000000000e+00,-2.138901059269334937e+00,1.115168148756074257e-01
-5.300683327351886298e+00,-2.458903582224155393e+00,-9.715079833987522173e-01,-1.409292460904215005e+00,-5.639831847948152399e-01,-1.023824130274792354e+00,2.408774335472932959e-01,5.565737757883344461e-01,0.000000000000000000e+00,0.000000000000000000e+00,0.000000000000000000e+00,0.000000000000000000e+00,0.000000000000000000e+00,-1.964113390958494465e+00,2.609233603953442504e-01
-5.552129825112919193e+00,-2.472876176343479226e+00,-9.865795032777963103e-01,-1.559123183900142484e+00,-5.723659710245617704e-01,-1.006226332768048737e+00,1.954683487986423329e-01,5.923843630911382885e-01,0.000000000000000000e+00,0.000000000000000000e+00,0.000000000000000000e+00,0.000000000000000000e+00,0.000000000000000000e+00,-1.528268792175110802e+00,2.822552036721378554e-01
-5.536829793895007512e+00,-2.555207149125918509e+00,-9.331901953323150645e-01,-1.550650093799348372e+00,-5.976295248111693770e-01,-8.537116838680887110e-01,1.632139153059171954e-01,6.105221565628800029e-01,0.000000000000000000e+00,0.000000000000000000e+00,0.000000000000000000e+00,0.000000000000000000e+00,0.000000000000000000e+00,-1.082613764731372274e+00,3.645888094826784664e-01
-6.194276069113452188e+00,-2.523586588940204933e+00,-7.635608792450482296e-01,-1.953929299887097404e+00,-6.038226619759576863e-01,-7.590364367094601938e-01,2.511157384174469986e-03,7.176060331649719570e-01,0.000000000000000000e+00,0.000000000000000000e+00,0.000000000000000000e+00,0.000000000000000000e+00,0.000000000000000000e+00,1.942409961814112740e-01,2.486764966779129726e-01
-6.104303478797659110e+00,-2.648113687691136420e+00,-1.026175942148743303e+00,-1.813714824062924613e+00,-5.673403685269824415e-01,-7.011010014139622548e-01,-1.064583774103415315e-01,8.076865628730126589e-01,0.000000000000000000e+00,0.000000000000000000e+00,0.000000000000000000e+00,0.000000000000000000e+00,0.000000000000000000e+00,1.680523315678898788e+00,1.187139418939469893e-01
-6.364413254806402520e+00,-2.582092168626089368e+00,-1.169477415934148556e+00,-1.791539190816745730e+00,-5.959244732402497746e-01,-6.484996622119044707e-01,-6.117597911770669000e-02,8.733823106901980049e-01,0.000000000000000000e+00,0.000000000000000000e+00,0.000000000000000000e+00,0.000000000000000000e+00,0.000000000000000000e+00,-3.078094319004194723e+00,1.733493582335989269e-01
-6.722855770650210339e+00,-2.516409584096887642e+00,-8.707594832262059992e-01,-1.992224752514534014e+00,-5.919874501289896784e-01,-5.007757179970848682e-01,-3.184933653191800162e-02,8.931186137577544759e-01,0.000000000000000000e+00,0.000000000000000000e+00,0.000000000000000000e+00,0.000000000000000000e+00,0.000000000000000000e+00,-1.582290073509900363e+00,1.740114938732490735e-01
-6.938232794777899670e+00,-2.518017345451348366e+00,-1.446062122276300377e+00,-1.417783675953264044e+00,-6.344515637113380402e-01,-3.621770826236391239e-01,1.003888931734885914e-01,7.371149890940250637e-01,0.000000000000000000e+00,0.000000000000000000e+00,0.000000000000000000e+00,0.000000000000000000e+00,0.000000000000000000e+00,2.031681511883186353e+00,1.618919392681435199e-01
-6.784116486515994637e+00,-2.492268759542048517e+00,-1.558527318724052035e+00,-1.260785678480742744e+00,-5.597555380948793236e-01,-4.867675602103369581e-01,1.322038817908854635e-01,7.584703420875590352e-01,0.000000000000000000e+00,0.000000000000000000e+00,0.000000000000000000e+00,0.000000000000000000e+00,0.000000000000000000e+00,-2.381034100696452604e+00,2.277586441828324260e-01
-6.831457750224512182e+00,-2.491227194004540291e+00,-1.410482591989784984e+00,-1.466679341631715427e+00,-5.553816424688533537e-01,-4.701983066618868889e-01,9.415730311062579794e-02,8.568105589346716178e-01,0.000000000000000000e+00,0.000000000000000000e+00,0.000000000000000000e+00,0.000000000000000000e+00,0.000000000000000000e+00,-9.589588400772459664e-01,2.211108319372869502e-01
-7.335308310774647289e+00,-2.445150044680638235e+00,-1.570260688632451052e+00,-1.610685169758510504e+00,-5.145242903507739607e-01,-5.415490207039987958e-01,1.099069903204363124e-03,8.796353835998784731e-01,0.000000000000000000e+00,0.000000000000000000e+00,0.000000000000000000e+00,0.000000000000000000e+00,0.000000000000000000e+00,-6.309015464630562953e-01,1.746138597019200600e-01
-7.382799526364093090e+00,-2.620980920253243251e+00,-1.659078746482681277e+00,-1.966095314181862230e+00,-4.197009517630542752e-01,-2.807733311821698496e-01,-2.236736176947270449e-01,1.086032041509980228e+00,0.000000000000000000e+00,0.000000000000000000e+00,0.000000000000000000e+00,0.000000000000000000e+00,0.000000000000000000e+00,-2.311893157109163599e-01,5.804429343182645473e-01
-7.604084552373707062e+00,-2.700630779707822615e+00,-1.609119836314720553e+00,-2.021773775015009544e+00,-4.055895826211991517e-01,7.021781012465462546e-02,-2.580820878463784274e-01,1.208217458867888894e+00,0.000000000000000000e+00,0.000000000000000000e+00,0.000000000000000000e+00,0.000000000000000000e+00,0.000000000000000000e+00,8.381130989361378347e-01,5.636399560002888220e-01
-6.311417558458196631e+00,-2.620507887692626880e+00,-1.026028090119952774e+00,-1.816573961565898232e+00,-5.815676475241196020e-01,-6.003207003050603507e-01,-2.922511909429839974e-02,7.945357974375786281e-01,0.000000000000000000e+00,0.000000000000000000e+00,0.000000000000000000e+00,0.000000000000000000e+00,0.000000000000000000e+00,1.753749390469801606e+00,2.308527669316533804e-01
-6.085215919546647534e+00,-2.643992672842303548e+00,-9.311355892787116506e-01,-1.814563490268579438e+00,-5.138294152052885755e-01,-5.284816076496082760e-01,-1.876916319314689829e-01,1.039877348125842538e+00,0.000000000000000000e+00,0.000000000000000000e+00,0.000000000000000000e+00,0.000000000000000000e+00,0.000000000000000000e+00,-4.654892275449772354e-01,2.428373941550185655e-01
-5.423974526321116763e+00,-2.639638402340155565e+00,-8.689132344844353595e-01,-1.682774500716637922e+00,-5.591509458922989673e-01,-8.563215696859648451e-01,2.796700341787796557e-02,7.493319955801079901e-01,0.000000000000000000e+00,0.000000000000000000e+00,0.000000000000000000e+00,0.000000000000000000e+00,0.000000000000000000e+00,-3.114719149244005170e-01,2.153624851268186036e-01
-5.559730662621507946e+00,-2.568038202921830937e+00,-8.516884007963226866e-01,-1.715970961067937006e+00,-5.445872143585159808e-01,-8.483107814115734557e-01,-3.841695645646473617e-02,8.558113943138415669e-01,0.000000000000000000e+00,0.000000000000000000e+00,0.000000000000000000e+00,0.000000000000000000e+00,0.000000000000000000e+00,-1.454441161588014619e+00,7.752418977325546690e-02
-6.032544954700899353e+00,-2.579442963670682598e+00,-1.059423818493500091e+00,-1.668457863102442484e+00,-5.420206228915757096e-01,-6.965394121744019618e-01,-5.186895647869339820e-02,8.315970234026391905e-01,0.000000000000000000e+00,0.000000000000000000e+00,0.000000000000000000e+00,0.000000000000000000e+00,0.000000000000000000e+00,2.453921397551088734e+00,2.174120511839249814e-01
-6.107712060520627873e+00,-2.559826775712819025e+00,-1.640607283398007876e+00,-1.051812928864125585e+00,-4.860902109958107897e-01,-6.368421719638404088e-01,2.559090035540092720e-02,7.725999728343032613e-01,0.000000000000000000e+00,0.000000000000000000e+00,0.000000000000000000e+00,0.000000000000000000e+00,0.000000000000000000e+00,1.139804980872005435e+00,9.861845669041908735e-01
-5.699242093574227397e+00,-2.549533954215116527e+00,-1.683416554048832170e+00,-8.497288103654411229e-01,-4.289450124067573089e-01,-5.981514451001201937e-01,7.981687446064214542e-02,8.411087669205296047e-01,0.000000000000000000e+00,0.000000000000000000e+00,0.000000000000000000e+00,0.000000000000000000e+00,0.000000000000000000e+00,-5.329807426890191824e-01,8.069231685854549863e-01
-7.087924083615178006e+00,-2.505615443664368502e+00,-1.808040659596942490e+00,-1.313276236854481915e+00,-5.435532545101465773e-01,-4.366235251210461854e-01,9.006645068120025521e-02,8.036150532389660928e-01,0.000000000000000000e+00,0.000000000000000000e+00,0.000000000000000000e+00,0.000000000000000000e+00,0.000000000000000000e+00,-1.303385529611000182e+00,3.784507894033259379e-01
-6.981865819412718999e+00,-2.540731990420841413e+00,-1.538203435283625131e+00,-1.613320907486015976e+00,-4.820828524988550745e-01,-4.173729998019091725e-01,-1.414286124174285453e-02,9.177295253944279807e-01,0.000000000000000000e+00,0.000000000000000000e+00,0.000000000000000000e+00,0.000000000000000000e+00,0.000000000000000000e+00,-3.082644634066903144e+00,3.055306858565996486e-01
-6.150744806667826303e+00,-2.624501162706131208e+00,-1.073304902220031831e+00,-1.815589909754660169e+00,-5.208008107384808349e-01,-5.063653938990553272e-01,-1.201192701726433165e-01,9.536431322227425511e-01,0.000000000000000000e+00,0.000000000000000000e+00,0.000000000000000000e+00,0.000000000000000000e+00,0.000000000000000000e+00,2.864282603366036017e+00,5.552116713470552911e-01
-5.298001482404036011e+00,-2.584670133029615346e+00,-9.931080086640976523e-01,-1.469205574557466365e+00,-5.299104710203437207e-01,-6.828544853592657393e-01,-2.059491443247586651e-02,8.653146146108149361e-01,0.000000000000000000e+00,0.000000000000000000e+00,0.000000000000000000e+00,0.000000000000000000e+00,0.000000000000000000e+00,-3.116007686429993928e+00,5.081663113588010816e-01
-5.523239971997568887e+00,-2.538724454826717380e+00,-8.340709177982436051e-01,-1.719548987464289302e+00,-5.035868381198110866e-01,-9.375197932051668737e-01,4.344283911405055071e-02,7.505206446698380329e-01,0.000000000000000000e+00,0.000000000000000000e+00,0.000000000000000000e+00,0.000000000000000000e+00,0.000000000000000000e+00,3.036715714859554716e+00,3.438895171417692964e-01
-6.469879520772030546e+00,-2.547838732841223752e+00,-1.153094333097793411e+00,-1.734978541165644650e+00,-4.903957467892194888e-01,-5.559049602786114708e-01,-9.729998696650213330e-02,9.961450013241481827e-01,0.000000000000000000e+00,0.000000000000000000e+00,0.000000000000000000e+00,0.000000000000000000e+00,0.000000000000000000e+00,-3.139111269104489566e+00,4.030012406928708546e-01
-1.235927423942600178e+01,-4.120753944006615654e+00,-4.504916885731985232e+00,5.010391823654203325e-01,2.665316706822792869e-01,3.750146387775806223e-01,3.541904911614470741e-01,-7.123871247556415875e-01,0.000000000000000000e+00,0.000000000000000000e+00,0.000000000000000000e+00,0.000000000000000000e+00,0.000000000000000000e+00,2.157289117700023517e+00,5.510952730698989166e-01
-1.261307351998549287e+01,-3.781050455584876513e+00,-4.500061821157285813e+00,7.139472775860536413e-02,1.518268862105771333e-01,6.225335940870191376e-02,4.601809528742414335e-01,-7.936121801101893025e-01,0.000000000000000000e+00,0.000000000000000000e+00,0.000000000000000000e+00,0.000000000000000000e+00,0.000000000000000000e+00,2.430394301036889360e+00,8.012352962769418996e-01
-4.801330209329209175e+00,-2.688500265129759814e+00,-1.294608745967071206e+00,-9.992430630925538404e-01,-3.679112632235427283e-01,3.766888984240894245e-01,4.542489037756847203e-01,3.406124875700315413e-01,0.000000000000000000e+00,0.000000000000000000e+00,0.000000000000000000e+00,0.000000000000000000e+00,0.000000000000000000e+00,-1.771449204114790454e+00,1.023535539197346855e+00
-3.065762628108672061e+00,-2.569674447384235005e+00,-1.143399903201549161e+00,-5.356839264166386450e-01,-2.519286645613250109e-01,3.521089625555779423e-01,3.213808343630205067e-01,4.100822259676218384e-01,0.000000000000000000e+00,0.000000000000000000e+00,0.000000000000000000e+00,0.000000000000000000e+00,0.000000000000000000e+00,-3.024391594229749014e+00,1.265682819666922532e+00
-6.836059749390679841e+00,-3.111063389760698517e+00,-1.893530498992287647e+00,-8.000306619762632687e-01,-3.409628790679611887e-01,6.561544716729044158e-01,3.562646279734006383e-01,-6.011719991411521025e-02,0.000000000000000000e+00,0.000000000000000000e+00,0.000000000000000000e+00,0.000000000000000000e+00,0.000000000000000000e+00,2.254046524049502925e-02,6.211577899374777223e-01
-4.267562631264740780e+00,-3.100890234791858546e+00,-5.782029589159499716e-01,-1.157558825824957394e+00,-3.990995914878799344e-01,6.981526140895139010e-01,1.933656036392173982e-01,1.865127905216996118e-01,0.000000000000000000e+00,0.000000000000000000e+00,0.000000000000000000e+00,0.000000000000000000e+00,0.000000000000000000e+00,1.055570856666248947e+00,5.378187427005397536e-01
-9.674516749619263223e+00,-2.801718593920820233e+00,-2.026696838032315373e+00,-1.917113058831543704e+00,-2.262657931120361510e-01,-4.069313361335230583e-03,2.360143616312265769e-01,-4.753148285339220402e-01,0.000000000000000000e+00,0.000000000000000000e+00,0.000000000000000000e+00,0.000000000000000000e+00,0.000000000000000000e+00,-1.936137989706100626e+00,7.837244413695413359e-01
-4.125341005715768006e+00,-2.713466061368357440e+00,-6.280524064692861730e-01,-1.426131662258505406e+00,-5.204764299853217313e-01,3.886115322994128651e-01,3.072391699104468077e-01,-7.517801228982483319e-03,0.000000000000000000e+00,0.000000000000000000e+00,0.000000000000000000e+00,0.000000000000000000e+00,0.000000000000000000e+00,1.427908846631458673e+00,1.285096494431446690e+00
-3.760184263932776716e+00,-2.581278996928430214e+00,-7.369720070992592520e-01,-1.302081109142546378e+00,-4.418072757988476540e-01,1.684218069135548779e-01,3.273920668580794224e-01,9.881952424359519149e-02,0.000000000000000000e+00,0.000000000000000000e+00,0.000000000000000000e+00,0.000000000000000000e+00,0.000000000000000000e+00,-3.105856034346838879e+00,9.516075871912683670e-01
-4.594448588455793292e+00,-2.792430146749863784e+00,-1.291993841158453060e+00,-8.904363920843851865e-01,-3.909815491489169181e-01,4.631661701817771926e-01,3.764960583753702017e-01,1.434417018602391902e-01,0.000000000000000000e+00,0.000000000000000000e+00,0.000000000000000000e+00,0.000000000000000000e+00,0.000000000000000000e+00,-1.036785578561588927e+00,7.760470346570397249e-01
-4.280543631236586322e+00,-2.673686884901803396e+00,-1.285053095243653187e+00,-8.310969257807363508e-01,-3.468454219236473679e-01,4.434053031751693519e-01,3.090212742836430104e-01,3.539373180114431250e-01,0.000000000000000000e+00,0.000000000000000000e+00,0.000000000000000000e+00,0.000000000000000000e+00,0.000000000000000000e+00,-1.040884320716076950e+00,3.917243929091008825e-01
-4.412916087739708004e+00,-2.810344566413056189e+00,-1.351690719581070121e+00,-6.615043232629572723e-01,-3.998494214705925476e-01,7.959911204050319489e-01,3.305816369390012777e-01,3.441748291152917916e-01,0.000000000000000000e+00,0.000000000000000000e+00,0.000000000000000000e+00,0.000000000000000000e+00,0.000000000000000000e+00,-5.418998840892234048e-01,4.633896848226035092e-01
-6.738369443267595571e+00,-2.983296917463871711e+00,-1.928791362068432491e+00,-8.905346194218000111e-01,-5.220324635322775020e-01,7.486389357367043695e-01,5.232792691740651980e-01,-5.098044322635897352e-02,0.000000000000000000e+00,0.000000000000000000e+00,0.000000000000000000e+00,0.000000000000000000e+00,0.000000000000000000e+00,1.312452724365005485e+00,1.996246477767733285e-01
-2.983216795819346512e+00,-2.838763092122362774e+00,-2.425006389568097886e-01,-1.220249896094815156e+00,-5.398953045289676123e-01,6.390198621656123512e-01,3.505714464980800305e-01,6.561231625207450402e-02,0.000000000000000000e+00,0.000000000000000000e+00,0.000000000000000000e+00,0.000000000000000000e+00,0.000000000000000000e+00,2.580767822632649811e+00,2.857761361625487107e-01
-4.860871360912845773e+00,-2.869390483739450382e+00,-9.623234693323684530e-01,-1.201692328073081129e+00,-4.706529639312773128e-01,6.702971659163233786e-01,2.721240942504020710e-01,2.530350266516505076e-01,0.000000000000000000e+00,0.000000000000000000e+00,0.000000000000000000e+00,0.000000000000000000e+00,0.000000000000000000e+00,1.622794022619076237e+00,5.387281318067560498e-01
-6.840792636382326819e+00,-2.766368967339276175e+00,-1.985034165581663235e+00,-1.066854698738868068e+00,-5.313441875369585565e-01,5.789675698019493000e-01,5.437996555067374782e-01,-3.985646400071993917e-02,0.000000000000000000e+00,0.000000000000000000e+00,0.000000000000000000e+00,0.000000000000000000e+00,0.000000000000000000e+00,1.018883079809283165e+00,7.609894874438181134e-01
-7.516321473311410983e+00,-2.775661895568911852e+00,-2.057639341291018109e+00,-1.137596296911062677e+00,-5.137252122219543304e-01,9.225173808947371157e-01,3.771537218837318073e-01,2.922566523447742148e-01,0.000000000000000000e+00,0.000000000000000000e+00,0.000000000000000000e+00,0.000000000000000000e+00,0.000000000000000000e+00,8.746393602926600952e-01,1.444001385040895036e+00
-1.278215436978286590e+01,-3.351029264939497931e+00,-3.242240042132130462e+00,-1.299223666122698573e+00,7.861556600908628512e-02,2.298369576987130958e-01,9.548819583412102019e-02,-3.867884473131537049e-01,0.000000000000000000e+00,0.000000000000000000e+00,0.000000000000000000e+00,0.000000000000000000e+00,0.000000000000000000e+00,-2.514184453070010816e-01,1.732467892920382058e+00
-2.538375632558485417e+00,-2.663785176302174929e+00,-4.787667420931833728e-01,-9.179200785146880426e-01,-4.423703256674719753e-01,2.323657110271662163e-01,4.323153088065170291e-01,-1.519370274719005764e-01,0.000000000000000000e+00,0.000000000000000000e+00,0.000000000000000000e+00,0.000000000000000000e+00,0.000000000000000000e+00,-2.443788469779188066e+00,1.002277406709339624e+00
-4.705054902523529314e+00,-2.800709835500962974e+00,-1.367609956586595121e+00,-7.257385952187130895e-01,-4.704906470824974929e-01,5.917610500063724688e-01,4.209979188953159035e-01,-5.568606876904374364e-02,0.000000000000000000e+00,0.000000000000000000e+00,0.000000000000000000e+00,0.000000000000000000e+00,0.000000000000000000e+00,-2.303963219181115019e+00,1.056444035432064776e+00
-5.079828401938395466e+00,-2.829939540385616681e+00,-1.067496488450246694e+00,-1.135453010333895119e+00,-4.585528109074310521e-01,6.727895424961096715e-01,2.778566254693040083e-01,1.685020803132915301e-01,0.000000000000000000e+00,0.000000000000000000e+00,0.000000000000000000e+00,0.000000000000000000e+00,0.000000000000000000e+00,-2.974978131432024941e+00,5.607655481571578449e-01
-3.879811052911978475e+00,-2.771703737137582557e+00,-8.048072504563615892e-01,-9.424714434462644341e-01,-4.200071296445204161e-01,6.993239415841249196e-01,3.299138597541803608e-01,1.836971894386860704e-01,0.000000000000000000e+00,0.000000000000000000e+00,0.000000000000000000e+00,0.000000000000000000e+00,0.000000000000000000e+00,1.293206894943107699e+00,1.934037228183565493e-01
-3.398818083704156834e+00,-2.736858045010811757e+00,-4.752805249658406672e-01,-1.122176383318532533e+00,-4.321059442996922351e-01,6.209286043315467296e-01,2.662153778699412054e-01,2.100733311102678247e-01,0.000000000000000000e+00,0.000000000000000000e+00,0.000000000000000000e+00,0.000000000000000000e+00,0.000000000000000000e+00,-1.864027847284574602e+00,8.095560511786703550e-01
-3.863014724783933929e+00,-2.799101039876572550e+00,-6.256666712670455599e-01,-1.078769293377297434e+00,-4.869848131139768999e-01,7.345574903247352738e-01,3.446588829660307551e-01,9.517241284642458110e-02,0.000000000000000000e+00,0.000000000000000000e+00,0.000000000000000000e+00,0.000000000000000000e+00,0.000000000000000000e+00,-3.060319667436119939e+00,1.022374686697597568e+00
-3.349916428807727886e+00,-2.693938143805310492e+00,-5.316995919957696604e-01,-1.058785460545377255e+00,-4.141116598670711024e-01,5.413627210770168841e-01,2.921767352154585051e-01,1.738356341782372472e-01,0.000000000000000000e+00,0.000000000000000000e+00,0.000000000000000000e+00,0.000000000000000000e+00,0.000000000000000000e+00,2.075782901908980183e+00,5.518858577640805008e-01
-3.187013929474042939e+00,-2.632465167035057174e+00,-6.479358313846977913e-01,-9.457813564510657578e-01,-3.357726348773502068e-01,3.913601203966273756e-01,3.191655068786747318e-01,1.969690584040598991e-01,0.000000000000000000e+00,0.000000000000000000e+00,0.000000000000000000e+00,0.000000000000000000e+00,0.000000000000000000e+00,3.337021765375698390e-01,2.381365154695892217e-01
-3.911264998288901396e+00,-2.772740534255070610e+00,-8.520910868073621192e-01,-9.075612414371246883e-01,-4.479817502598411605e-01,7.128267886527436259e-01,2.978829629681424285e-01,1.565977272509234686e-01,0.000000000000000000e+00,0.000000000000000000e+00,0.000000000000000000e+00,0.000000000000000000e+00,0.000000000000000000e+00,-2.212854435146736076e+00,4.158004329002034094e-01
-4.423279193694837907e+00,-2.789570168861061905e+00,-8.858005624901902353e-01,-1.092523297539190530e+00,-4.437519263402054381e-01,5.641629589988389482e-01,3.346751996188163658e-01,1.303790532205595099e-01,0.000000000000000000e+00,0.000000000000000000e+00,0.000000000000000000e+00,0.000000000000000000e+00,0.000000000000000000e+00,-2.295046327543055042e+00,4.165573189850452218e-01
-4.235431593794928951e+00,-2.777273804691517078e+00,-7.908871721970927027e-01,-1.106356872095750621e+00,-4.786465825269529129e-01,6.615608080686583570e-01,3.022097526185184013e-01,1.434374776425025588e-01,0.000000000000000000e+00,0.000000000000000000e+00,0.000000000000000000e+00,0.000000000000000000e+00,0.000000000000000000e+00,-2.884268938618692601e+00,4.322314194965255485e-01
-4.721417347133246345e+00,-2.755377415804064700e+00,-9.396368955981522220e-01,-1.216398264377265503e+00,-4.656075640672180938e-01,6.640152945624897551e-01,2.888822343598421161e-01,2.648597671558140521e-01,0.000000000000000000e+00,0.000000000000000000e+00,0.000000000000000000e+00,0.000000000000000000e+00,0.000000000000000000e+00,-2.705909780558849675e+00,5.118124656551451546e-01
-6.306757303090978262e+00,-2.899761763409858251e+00,-1.399490133753955812e+00,-1.198405476176054973e+00,-5.818133698422039979e-01,1.009025535483738967e+00,3.747889226703089438e-01,-5.598480189166858689e-03,0.000000000000000000e+00,0.000000000000000000e+00,0.000000000000000000e+00,0.000000000000000000e+00,0.000000000000000000e+00,2.995667636881565343e+00,6.670899489574069197e-01
-7.707606722939687849e+00,-2.881667102007168690e+00,-1.800605915432000437e+00,-1.325938767978131372e+00,-4.652031336953717511e-01,7.562824305739481723e-01,3.759055838152410844e-01,1.509421126646467992e-02,0.000000000000000000e+00,0.000000000000000000e+00,0.000000000000000000e+00,0.000000000000000000e+00,0.000000000000000000e+00,-3.109037110135878468e+00,5.222767465626061423e-01
-8.555889859124706120e+00,-2.757019366587857068e+00,-2.064200708249397831e+00,-1.451946354338327749e+00,-5.438437665488020656e-01,9.234015303836214938e-01,4.302327617846204433e-01,8.696754258223575451e-02,0.000000000000000000e+00,0.000000000000000000e+00,0.000000000000000000e+00,0.000000000000000000e+00,0.000000000000000000e+00,3.105758942351489971e+00,5.303404566879668103e-01
-9.971475613976361174e+00,-2.518115690916853833e+00,-2.948337896278879988e+00,-1.359274302767527143e+00,-7.185962262143555934e-01,9.953584008884884815e-01,7.824731891281759832e-01,-2.263138658188927343e-01,0.000000000000000000e+00,0.000000000000000000e+00,0.000000000000000000e+00,0.000000000000000000e+00,0.000000000000000000e+00,-2.840589321340242890e+00,1.585274739595614379e+00
-8.151820166157456526e+00,-2.479290264154474066e+00,-2.574262294767863057e+00,-1.203088797384057607e+00,-7.191513582799051729e-01,7.690289714255347242e-01,6.393124142558712641e-01,-9.925299625476524668e-02,0.000000000000000000e+00,0.000000000000000000e+00,0.000000000000000000e+00,0.000000000000000000e+00,0.000000000000000000e+00,2.265885788227363307e+00,7.291700761824967403e-01
-1.096451937510692431e+01,-2.820669257221298576e+00,-2.714382098170859958e+00,-1.634552862438757748e+00,-4.025171068901740590e-01,3.223550426602968533e-01,2.675700635863932919e-01,-4.609637387546903220e-01,0.000000000000000000e+00,0.000000000000000000e+00,0.000000000000000000e+00,0.000000000000000000e+00,0.000000000000000000e+00,1.396819462409115142e-01,1.149192760158195048e+00
-1.005309351470739188e+01,-3.069421128338829075e+00,-2.558565881577207879e+00,-1.224183270615681218e+00,-3.917316818788142974e-01,1.074585714304572281e+00,2.600187459788652067e-01,-1.779175482339416803e-01,0.000000000000000000e+00,0.000000000000000000e+00,0.000000000000000000e+00,0.000000000000000000e+00,0.000000000000000000e+00,1.937236421696927779e+00,1.663437705476221273e+00
-2.457383468992079045e+00,-3.070211001565324782e+00,5.448904823416647059e-01,-2.266392683530483954e+00,-5.891402637896774319e-01,5.205396646143246181e-02,3.649581042938584430e-01,1.990734262808883659e-01,0.000000000000000000e+00,0.000000000000000000e+00,0.000000000000000000e+00,0.000000000000000000e+00,0.000000000000000000e+00,-1.514539160310587995e+00,6.580410321552873087e-01
-2.617809448245836279e+00,-2.957480380222668348e+00,3.482256747983108469e-01,-2.454290996292396443e+00,-5.161561813417561151e-01,-1.706845086951945256e-01,3.153976844488370346e-01,1.057245072579186818e-01,0.000000000000000000e+00,0.000000000000000000e+00,0.000000000000000000e+00,0.000000000000000000e+00,0.000000000000000000e+00,3.034359698276431150e+00,9.997424668383350088e-01
-2.659168478986719819e+00,-3.129307008074665664e+00,4.415187287077945166e-01,-2.630648891462451733e+00,-5.727182056585624625e-01,-3.056221536480405176e-01,3.063062502715290236e-01,1.388703366418585772e-01,0.000000000000000000e+00,0.000000000000000000e+00,0.000000000000000000e+00,0.000000000000000000e+00,0.000000000000000000e+00,-2.312320224800728852e+00,8.705791175993259357e-01
-1.935161193765702503e+00,-3.237335488430082009e+00,5.013971454654226889e-01,-2.485402913227109600e+00,-5.489405964249854941e-01,-6.879543319243828225e-01,3.602372020870669989e-01,-3.117161875503700330e-02,0.000000000000000000e+00,0.000000000000000000e+00,0.000000000000000000e+00,0.000000000000000000e+00,0.000000000000000000e+00,-2.503229905010519118e+00,1.206615928951706662e+00
-2.130537549749905502e+00,-3.629300607575817406e+00,4.379756594081181120e-01,-3.299154743734794781e+00,-4.056039264478688566e-01,-1.013435747087628458e-01,4.744275306721633390e-03,4.256042585345893442e-02,0.000000000000000000e+00,0.000000000000000000e+00,0.000000000000000000e+00,0.000000000000000000e+00,0.000000000000000000e+00,3.117661053137946947e+00,1.128323092026407348e+00
-2.180118469597143172e+00,-3.595496428640406084e+00,6.443170635376388455e-01,-3.196377359825440578e+00,-5.144206720594293181e-01,-1.245745869878022716e-01,-8.482749738937728212e-02,9.902800593081416414e-02,0.000000000000000000e+00,0.000000000000000000e+00,0.000000000000000000e+00,0.000000000000000000e+00,0.000000000000000000e+00,2.544766749604082889e+00,6.601189286787595423e-01
-2.668622016909014683e+00,-3.360656474974811569e+00,6.165841095889151857e-01,-3.416320880459374987e+00,-3.970425809909167159e-01,-2.692352074370649717e-01,1.427423894172713537e-01,6.104997236804423494e-02,0.000000000000000000e+00,0.000000000000000000e+00,0.000000000000000000e+00,0.000000000000000000e+00,0.000000000000000000e+00,9.457956887654156430e-01,4.648795542933586433e-01
-2.553971250471453125e+00,-3.447597400983170690e+00,5.179562552796224129e-01,-3.647683171717186035e+00,-2.863308941211083480e-01,-3.848521476709919620e-01,-6.799525657923770339e-02,2.356012409315083600e-01,0.000000000000000000e+00,0.000000000000000000e+00,0.000000000000000000e+00,0.000000000000000000e+00,0.000000000000000000e+00,8.692449692036726683e-01,5.825813247950915041e-01
-2.549128249569435400e+00,-3.410538166044006836e+00,4.831056522189771663e-01,-3.549278684489067803e+00,-3.620024162139325319e-01,-3.893486931137588036e-01,-4.790599594646331033e-02,2.376416683439360744e-01,0.000000000000000000e+00,0.000000000000000000e+00,0.000000000000000000e+00,0.000000000000000000e+00,0.000000000000000000e+00,1.855670402202587832e+00,8.148404751851811012e-01
-5.907903658656037393e+00,-1.809146904613501805e+00,-3.061699002900364341e+00,-7.559342151482361105e-01,-2.839272240895824306e-01,-1.286715958635624713e+00,4.446620388861854400e-01,3.926466418650421675e-01,0.000000000000000000e+00,0.000000000000000000e+00,0.000000000000000000e+00,0.000000000000000000e+00,0.000000000000000000e+00,-3.066797044332067124e+00,3.880850422265724742e-01
-7.194795003712393999e+00,-1.674653972798950896e+00,-4.447446812383776482e+00,7.003139090672061418e-02,-4.511928757455819228e-01,-9.301436808825606084e-01,8.389776273391910122e-01,-1.489200657881481205e-01,0.000000000000000000e+00,0.000000000000000000e+00,0.000000000000000000e+00,0.000000000000000000e+00,0.000000000000000000e+00,-2.855541211872473895e+00,3.544009029333906602e-01
-6.670279455781765954e+00,-1.780265114253313019e+00,-4.265096838915978239e+00,2.264980746132443101e-01,-4.305768831170770361e-01,-7.095863739540767545e-01,8.121309936815561681e-01,-1.171355182904411790e-01,0.000000000000000000e+00,0.000000000000000000e+00,0.000000000000000000e+00,0.000000000000000000e+00,0.000000000000000000e+00,2.732998427137408815e+00,3.901140858774562181e-01
-7.102112801367611361e+00,-1.728766044762744203e+00,-4.553768618595330331e+00,2.910259763279586243e-01,-4.859682283450986739e-01,-6.783089457092906782e-01,8.901959378665171840e-01,-2.402550791678084441e-01,0.000000000000000000e+00,0.000000000000000000e+00,0.000000000000000000e+00,0.000000000000000000e+00,0.000000000000000000e+00,2.652902111558328890e+00,2.321766568800443797e-01
-7.105577664853290010e+00,-1.693535867844309761e+00,-4.612317628811520187e+00,3.741930046257825326e-01,-4.726424650431099161e-01,-6.303957151980114082e-01,8.295242309482623311e-01,-1.218912672861493657e-01,0.000000000000000000e+00,0.000000000000000000e+00,0.000000000000000000e+00,0.000000000000000000e+00,0.000000000000000000e+00,2.955998276787855428e+00,2.492809659801609734e-01
-7.226484075777737104e+00,-1.646890887515424451e+00,-4.504668934415521520e+00,1.538430235008862446e-01,-4.552959300800249465e-01,-8.210425006797091863e-01,7.873646731311920721e-01,-5.375556153370715518e-02,0.000000000000000000e+00,0.000000000000000000e+00,0.000000000000000000e+00,0.000000000000000000e+00,0.000000000000000000e+00,2.219791885791470243e+00,1.820027472320180362e-01
-6.807842408460310857e+00,-1.749872693690024406e+00,-3.943166915366353109e+00,-2.621458718123478304e-01,-4.065305910938192824e-01,-9.518344824453400799e-01,6.070382045986141284e-01,2.171480607840415578e-01,0.000000000000000000e+00,0.000000000000000000e+00,0.000000000000000000e+00,0.000000000000000000e+00,0.000000000000000000e+00,-1.009302663527599231e+00,7.324616030892627805e-02
-6.442065788323570352e+00,-1.752196717157295858e+00,-3.491120972253269894e+00,-5.242751624643344766e-01,-3.543964811988282171e-01,-1.095431154578672572e+00,4.560713133015325549e-01,3.500605927270402651e-01,0.000000000000000000e+00,0.000000000000000000e+00,0.000000000000000000e+00,0.000000000000000000e+00,0.000000000000000000e+00,-2.091656970008657801e+00,2.893734611190190154e-01
-4.339865919223093726e+00,-2.179368636945738125e+00,-1.546014577084018127e+00,-1.369412915264381914e+00,-3.109550666715600320e-01,-8.763431984145955145e-01,1.854866448405586565e-01,8.257236540049670559e-01,0.000000000000000000e+00,0.000000000000000000e+00,0.000000000000000000e+00,0.000000000000000000e+00,0.000000000000000000e+00,2.336966091092613773e+00,2.206581065811928921e-01
-3.796918857436112127e+00,-2.216715414118738625e+00,-9.690384131797232792e-01,-1.712357993981092452e+00,-3.061153845281651131e-01,-9.832294804540451238e-01,1.682373026914482650e-01,8.506989649442558976e-01,0.000000000000000000e+00,0.000000000000000000e+00,0.000000000000000000e+00,0.000000000000000000e+00,0.000000000000000000e+00,2.857798544381475736e+00,4.250000000000148104e-01
-3.869396074046052902e+00,-2.221323132066697514e+00,-9.882274257401526540e-01,-1.758929259481588625e+00,-3.115776542354294909e-01,-9.981272577379115551e-01,2.135988843587916519e-01,7.562664710205415641e-01,0.000000000000000000e+00,0.000000000000000000e+00,0.000000000000000000e+00,0.000000000000000000e+00,0.000000000000000000e+00,-2.914093595587325503e+00,7.493070131795004363e-01
-3.753240483724933352e+00,-2.310871256673942664e+00,-7.430427280370051069e-01,-1.907225428871603290e+00,-3.461923571916631359e-01,-8.543774412472356916e-01,1.508353280300556987e-01,7.946835563677935310e-01,0.000000000000000000e+00,0.000000000000000000e+00,0.000000000000000000e+00,0.000000000000000000e+00,0.000000000000000000e+00,-1.307045165606237180e+00,2.454893073027825112e-01
-3.896040568936645965e+00,-2.264337673200423673e+00,-8.664882615667525156e-01,-1.884172232736016417e+00,-3.380421070484008750e-01,-9.172238998675242838e-01,1.760568631557523633e-01,7.603528020518950381e-01,0.000000000000000000e+00,0.000000000000000000e+00,0.000000000000000000e+00,0.000000000000000000e+00,0.000000000000000000e+00,9.691744936722931358e-01,3.869392717210215493e-01
-3.827170035232340783e+00,-2.288708697358649236e+00,-7.520222157934961515e-01,-1.905231127098927724e+00,-3.281821597238404054e-01,-8.318970885942650328e-01,1.726594013131603211e-01,7.829077704903721902e-01,0.000000000000000000e+00,0.000000000000000000e+00,0.000000000000000000e+00,0.000000000000000000e+00,0.000000000000000000e+00,2.886665903022197277e+00,6.582742589529093635e-01
-3.959802254099074492e+00,-2.228348903759665323e+00,-9.211439993029194584e-01,-1.843177672817371437e+00,-3.339187671069190899e-01,-9.541166815674189117e-01,2.065254181688972734e-01,7.767605123225113095e-01,0.000000000000000000e+00,0.000000000000000000e+00,0.000000000000000000e+00,0.000000000000000000e+00,0.000000000000000000e+00,-2.478389660883686840e+00,4.872945721019141807e-01
-4.063613059619257228e+00,-2.241091295728417254e+00,-7.547264482789300954e-01,-2.017904752830451454e+00,-3.287845474687231540e-01,-9.013229726633826822e-01,1.618187779346247357e-01,8.210241673324997214e-01,0.000000000000000000e+00,0.000000000000000000e+00,0.000000000000000000e+00,0.000000000000000000e+00,0.000000000000000000e+00,-6.676028415268835392e-01,2.406698984085829107e-01
-4.262819867548468089e+00,-2.214230117078177518e+00,-9.646186004472234732e-01,-1.907594603142444889e+00,-3.427973124434980923e-01,-8.780095351874407372e-01,1.893759482283263462e-01,7.945518290164135244e-01,0.000000000000000000e+00,0.000000000000000000e+00,0.000000000000000000e+00,0.000000000000000000e+00,0.000000000000000000e+00,1.701050957908435413e+00,5.466305882403523775e-01
-3.773281523595440223e+00,-2.249212912083517146e+00,-5.013418842407084686e-01,-2.118472277058967457e+00,-3.071816899981111848e-01,-9.527665093144002117e-01,1.271962643737807597e-01,8.676056274811092539e-01,0.000000000000000000e+00,0.000000000000000000e+00,0.000000000000000000e+00,0.000000000000000000e+00,0.000000000000000000e+00,-2.220345748930578011e+00,3.968072579981387626e-01
